[28-Oct-2025 19:37:11 Africa/Johannesburg] PHP Parse error:  syntax error, unexpected identifier "htmlspecialchars" in C:\Users\temp\OneDrive\Desktop\Reace\Coding\Projects\repos\php\journal\index.php on line 76
[29-Oct-2025 15:31:11 Africa/Johannesburg] PHP Warning:  Undefined array key "content" in C:\Users\temp\OneDrive\Desktop\Reace\Coding\Projects\repos\php\journal\index.php on line 37
[29-Oct-2025 15:39:17 Africa/Johannesburg] PHP Warning:  Undefined array key "date" in C:\Users\temp\OneDrive\Desktop\Reace\Coding\Projects\repos\php\journal\index.php on line 34
[29-Oct-2025 15:39:38 Africa/Johannesburg] PHP Warning:  Undefined array key "entry_date" in C:\Users\temp\OneDrive\Desktop\Reace\Coding\Projects\repos\php\journal\index.php on line 34
[29-Oct-2025 17:09:18 Africa/Johannesburg] PHP Warning:  Undefined array key "body" in C:\Users\temp\OneDrive\Desktop\Reace\Coding\Projects\repos\php\journal\index.php on line 12
[29-Oct-2025 17:09:18 Africa/Johannesburg] PHP Deprecated:  explode(): Passing null to parameter #2 ($string) of type string is deprecated in C:\Users\temp\OneDrive\Desktop\Reace\Coding\Projects\repos\php\journal\index.php on line 12
[29-Oct-2025 17:09:42 Africa/Johannesburg] PHP Warning:  Undefined array key "body" in C:\Users\temp\OneDrive\Desktop\Reace\Coding\Projects\repos\php\journal\index.php on line 13
[29-Oct-2025 17:09:42 Africa/Johannesburg] PHP Deprecated:  explode(): Passing null to parameter #2 ($string) of type string is deprecated in C:\Users\temp\OneDrive\Desktop\Reace\Coding\Projects\repos\php\journal\index.php on line 13
[30-Oct-2025 16:40:13 Africa/Johannesburg] PHP Parse error:  syntax error, unexpected token "<", expecting end of file in C:\Users\temp\OneDrive\Desktop\Reace\Coding\Projects\repos\php\journal\form.php on line 44
[30-Oct-2025 16:41:05 Africa/Johannesburg] PHP Fatal error:  Uncaught PDOException: SQLSTATE[22007]: Invalid datetime format: 1292 Incorrect date value: '' for column `journal`.`entries`.`created_on` at row 1 in C:\Users\temp\OneDrive\Desktop\Reace\Coding\Projects\repos\php\journal\model\journal-model.php:35
Stack trace:
#0 C:\Users\temp\OneDrive\Desktop\Reace\Coding\Projects\repos\php\journal\model\journal-model.php(35): PDOStatement->execute()
#1 C:\Users\temp\OneDrive\Desktop\Reace\Coding\Projects\repos\php\journal\form.php(17): insertNewJournalEntry('', '', '')
#2 {main}
  thrown in C:\Users\temp\OneDrive\Desktop\Reace\Coding\Projects\repos\php\journal\model\journal-model.php on line 35
[30-Oct-2025 16:47:43 Africa/Johannesburg] PHP Parse error:  syntax error, unexpected token "else" in C:\Users\temp\OneDrive\Desktop\Reace\Coding\Projects\repos\php\journal\form.php on line 25
[30-Oct-2025 17:01:21 Africa/Johannesburg] PHP Deprecated:  trim(): Passing null to parameter #1 ($string) of type string is deprecated in C:\Users\temp\OneDrive\Desktop\Reace\Coding\Projects\repos\php\journal\form.php on line 11
[30-Oct-2025 17:02:58 Africa/Johannesburg] PHP Deprecated:  trim(): Passing null to parameter #1 ($string) of type string is deprecated in C:\Users\temp\OneDrive\Desktop\Reace\Coding\Projects\repos\php\journal\form.php on line 11
[30-Oct-2025 17:03:45 Africa/Johannesburg] PHP Deprecated:  trim(): Passing null to parameter #1 ($string) of type string is deprecated in C:\Users\temp\OneDrive\Desktop\Reace\Coding\Projects\repos\php\journal\form.php on line 11
[30-Oct-2025 17:03:49 Africa/Johannesburg] PHP Deprecated:  trim(): Passing null to parameter #1 ($string) of type string is deprecated in C:\Users\temp\OneDrive\Desktop\Reace\Coding\Projects\repos\php\journal\form.php on line 11
[30-Oct-2025 17:22:24 Africa/Johannesburg] PHP Warning:  require_once(C:\Users\temp\OneDrive\Desktop\Reace\Coding\Projects\repos\php\journalmodel/journal-model.php): Failed to open stream: No such file or directory in C:\Users\temp\OneDrive\Desktop\Reace\Coding\Projects\repos\php\journal\form.php on line 4
[30-Oct-2025 17:22:24 Africa/Johannesburg] PHP Fatal error:  Uncaught Error: Failed opening required 'C:\Users\temp\OneDrive\Desktop\Reace\Coding\Projects\repos\php\journalmodel/journal-model.php' (include_path='.;C:\php\pear') in C:\Users\temp\OneDrive\Desktop\Reace\Coding\Projects\repos\php\journal\form.php:4
Stack trace:
#0 {main}
  thrown in C:\Users\temp\OneDrive\Desktop\Reace\Coding\Projects\repos\php\journal\form.php on line 4
[30-Oct-2025 17:23:09 Africa/Johannesburg] PHP Warning:  require_once(C:\Users\temp\OneDrive\Desktop\Reace\Coding\Projects\repos\php\journalmodel/journal-model.php): Failed to open stream: No such file or directory in C:\Users\temp\OneDrive\Desktop\Reace\Coding\Projects\repos\php\journal\form.php on line 4
[30-Oct-2025 17:23:09 Africa/Johannesburg] PHP Fatal error:  Uncaught Error: Failed opening required 'C:\Users\temp\OneDrive\Desktop\Reace\Coding\Projects\repos\php\journalmodel/journal-model.php' (include_path='.;C:\php\pear') in C:\Users\temp\OneDrive\Desktop\Reace\Coding\Projects\repos\php\journal\form.php:4
Stack trace:
#0 {main}
  thrown in C:\Users\temp\OneDrive\Desktop\Reace\Coding\Projects\repos\php\journal\form.php on line 4
[30-Oct-2025 17:23:36 Africa/Johannesburg] PHP Warning:  require_once(C:\Users\temp\OneDrive\Desktop\Reace\Coding\Projects\repos\php\journalmodel/journal-model.php): Failed to open stream: No such file or directory in C:\Users\temp\OneDrive\Desktop\Reace\Coding\Projects\repos\php\journal\index.php on line 4
[30-Oct-2025 17:23:36 Africa/Johannesburg] PHP Fatal error:  Uncaught Error: Failed opening required 'C:\Users\temp\OneDrive\Desktop\Reace\Coding\Projects\repos\php\journalmodel/journal-model.php' (include_path='.;C:\php\pear') in C:\Users\temp\OneDrive\Desktop\Reace\Coding\Projects\repos\php\journal\index.php:4
Stack trace:
#0 {main}
  thrown in C:\Users\temp\OneDrive\Desktop\Reace\Coding\Projects\repos\php\journal\index.php on line 4
[30-Oct-2025 17:24:02 Africa/Johannesburg] PHP Warning:  require_once(C:\Users\temp\OneDrive\Desktop\Reace\Coding\Projects\repos\php\journalmodel/journal-model.php): Failed to open stream: No such file or directory in C:\Users\temp\OneDrive\Desktop\Reace\Coding\Projects\repos\php\journal\index.php on line 4
[30-Oct-2025 17:24:02 Africa/Johannesburg] PHP Fatal error:  Uncaught Error: Failed opening required 'C:\Users\temp\OneDrive\Desktop\Reace\Coding\Projects\repos\php\journalmodel/journal-model.php' (include_path='.;C:\php\pear') in C:\Users\temp\OneDrive\Desktop\Reace\Coding\Projects\repos\php\journal\index.php:4
Stack trace:
#0 {main}
  thrown in C:\Users\temp\OneDrive\Desktop\Reace\Coding\Projects\repos\php\journal\index.php on line 4
[30-Oct-2025 17:25:04 Africa/Johannesburg] PHP Warning:  require_once(C:\Users\temp\OneDrive\Desktop\Reace\Coding\Projects\repos\php\journalmodel/journal-model.php): Failed to open stream: No such file or directory in C:\Users\temp\OneDrive\Desktop\Reace\Coding\Projects\repos\php\journal\index.php on line 4
[30-Oct-2025 17:25:04 Africa/Johannesburg] PHP Fatal error:  Uncaught Error: Failed opening required 'C:\Users\temp\OneDrive\Desktop\Reace\Coding\Projects\repos\php\journalmodel/journal-model.php' (include_path='.;C:\php\pear') in C:\Users\temp\OneDrive\Desktop\Reace\Coding\Projects\repos\php\journal\index.php:4
Stack trace:
#0 {main}
  thrown in C:\Users\temp\OneDrive\Desktop\Reace\Coding\Projects\repos\php\journal\index.php on line 4
[30-Oct-2025 17:25:15 Africa/Johannesburg] PHP Warning:  require_once(C:\Users\temp\OneDrive\Desktop\Reace\Coding\Projects\repos\php\journalmodel/journal-model.php): Failed to open stream: No such file or directory in C:\Users\temp\OneDrive\Desktop\Reace\Coding\Projects\repos\php\journal\index.php on line 4
[30-Oct-2025 17:25:15 Africa/Johannesburg] PHP Fatal error:  Uncaught Error: Failed opening required 'C:\Users\temp\OneDrive\Desktop\Reace\Coding\Projects\repos\php\journalmodel/journal-model.php' (include_path='.;C:\php\pear') in C:\Users\temp\OneDrive\Desktop\Reace\Coding\Projects\repos\php\journal\index.php:4
Stack trace:
#0 {main}
  thrown in C:\Users\temp\OneDrive\Desktop\Reace\Coding\Projects\repos\php\journal\index.php on line 4
[30-Oct-2025 17:25:18 Africa/Johannesburg] PHP Warning:  require_once(C:\Users\temp\OneDrive\Desktop\Reace\Coding\Projects\repos\php\journalmodel/journal-model.php): Failed to open stream: No such file or directory in C:\Users\temp\OneDrive\Desktop\Reace\Coding\Projects\repos\php\journal\index.php on line 4
[30-Oct-2025 17:25:18 Africa/Johannesburg] PHP Fatal error:  Uncaught Error: Failed opening required 'C:\Users\temp\OneDrive\Desktop\Reace\Coding\Projects\repos\php\journalmodel/journal-model.php' (include_path='.;C:\php\pear') in C:\Users\temp\OneDrive\Desktop\Reace\Coding\Projects\repos\php\journal\index.php:4
Stack trace:
#0 {main}
  thrown in C:\Users\temp\OneDrive\Desktop\Reace\Coding\Projects\repos\php\journal\index.php on line 4
[30-Oct-2025 17:25:22 Africa/Johannesburg] PHP Warning:  require_once(C:\Users\temp\OneDrive\Desktop\Reace\Coding\Projects\repos\php\journalmodel/journal-model.php): Failed to open stream: No such file or directory in C:\Users\temp\OneDrive\Desktop\Reace\Coding\Projects\repos\php\journal\index.php on line 4
[30-Oct-2025 17:25:22 Africa/Johannesburg] PHP Fatal error:  Uncaught Error: Failed opening required 'C:\Users\temp\OneDrive\Desktop\Reace\Coding\Projects\repos\php\journalmodel/journal-model.php' (include_path='.;C:\php\pear') in C:\Users\temp\OneDrive\Desktop\Reace\Coding\Projects\repos\php\journal\index.php:4
Stack trace:
#0 {main}
  thrown in C:\Users\temp\OneDrive\Desktop\Reace\Coding\Projects\repos\php\journal\index.php on line 4
[30-Oct-2025 17:25:24 Africa/Johannesburg] PHP Deprecated:  trim(): Passing null to parameter #1 ($string) of type string is deprecated in C:\Users\temp\OneDrive\Desktop\Reace\Coding\Projects\repos\php\journal\form.php on line 11
[30-Oct-2025 17:25:35 Africa/Johannesburg] PHP Warning:  require_once(C:\Users\temp\OneDrive\Desktop\Reace\Coding\Projects\repos\php\journalmodel/journal-model.php): Failed to open stream: No such file or directory in C:\Users\temp\OneDrive\Desktop\Reace\Coding\Projects\repos\php\journal\index.php on line 4
[30-Oct-2025 17:25:35 Africa/Johannesburg] PHP Fatal error:  Uncaught Error: Failed opening required 'C:\Users\temp\OneDrive\Desktop\Reace\Coding\Projects\repos\php\journalmodel/journal-model.php' (include_path='.;C:\php\pear') in C:\Users\temp\OneDrive\Desktop\Reace\Coding\Projects\repos\php\journal\index.php:4
Stack trace:
#0 {main}
  thrown in C:\Users\temp\OneDrive\Desktop\Reace\Coding\Projects\repos\php\journal\index.php on line 4
[30-Oct-2025 17:25:57 Africa/Johannesburg] PHP Deprecated:  trim(): Passing null to parameter #1 ($string) of type string is deprecated in C:\Users\temp\OneDrive\Desktop\Reace\Coding\Projects\repos\php\journal\form.php on line 11
[30-Oct-2025 17:27:01 Africa/Johannesburg] PHP Deprecated:  trim(): Passing null to parameter #1 ($string) of type string is deprecated in C:\Users\temp\OneDrive\Desktop\Reace\Coding\Projects\repos\php\journal\form.php on line 11
[30-Oct-2025 17:27:05 Africa/Johannesburg] PHP Deprecated:  trim(): Passing null to parameter #1 ($string) of type string is deprecated in C:\Users\temp\OneDrive\Desktop\Reace\Coding\Projects\repos\php\journal\form.php on line 11
[30-Oct-2025 17:27:15 Africa/Johannesburg] PHP Deprecated:  trim(): Passing null to parameter #1 ($string) of type string is deprecated in C:\Users\temp\OneDrive\Desktop\Reace\Coding\Projects\repos\php\journal\form.php on line 11
[30-Oct-2025 17:28:05 Africa/Johannesburg] PHP Deprecated:  trim(): Passing null to parameter #1 ($string) of type string is deprecated in C:\Users\temp\OneDrive\Desktop\Reace\Coding\Projects\repos\php\journal\form.php on line 11
[30-Oct-2025 17:30:25 Africa/Johannesburg] PHP Deprecated:  trim(): Passing null to parameter #1 ($string) of type string is deprecated in C:\Users\temp\OneDrive\Desktop\Reace\Coding\Projects\repos\php\journal\form.php on line 11
[30-Oct-2025 17:32:11 Africa/Johannesburg] PHP Fatal error:  Uncaught PDOException: SQLSTATE[22007]: Invalid datetime format: 1292 Incorrect date value: '' for column `journal`.`entries`.`created_on` at row 1 in C:\Users\temp\OneDrive\Desktop\Reace\Coding\Projects\repos\php\journal\model\journal-model.php:35
Stack trace:
#0 C:\Users\temp\OneDrive\Desktop\Reace\Coding\Projects\repos\php\journal\model\journal-model.php(35): PDOStatement->execute()
#1 C:\Users\temp\OneDrive\Desktop\Reace\Coding\Projects\repos\php\journal\form.php(25): insertNewJournalEntry('Test', '', 'Lorem Ipsum')
#2 {main}
  thrown in C:\Users\temp\OneDrive\Desktop\Reace\Coding\Projects\repos\php\journal\model\journal-model.php on line 35
[30-Oct-2025 17:33:24 Africa/Johannesburg] PHP Fatal error:  Uncaught PDOException: SQLSTATE[22007]: Invalid datetime format: 1292 Incorrect date value: '' for column `journal`.`entries`.`created_on` at row 1 in C:\Users\temp\OneDrive\Desktop\Reace\Coding\Projects\repos\php\journal\model\journal-model.php:35
Stack trace:
#0 C:\Users\temp\OneDrive\Desktop\Reace\Coding\Projects\repos\php\journal\model\journal-model.php(35): PDOStatement->execute()
#1 C:\Users\temp\OneDrive\Desktop\Reace\Coding\Projects\repos\php\journal\form.php(25): insertNewJournalEntry('Test', '', 'Lorem Ipsum')
#2 {main}
  thrown in C:\Users\temp\OneDrive\Desktop\Reace\Coding\Projects\repos\php\journal\model\journal-model.php on line 35
[30-Oct-2025 17:34:03 Africa/Johannesburg] PHP Fatal error:  Uncaught PDOException: SQLSTATE[22007]: Invalid datetime format: 1292 Incorrect date value: '' for column `journal`.`entries`.`created_on` at row 1 in C:\Users\temp\OneDrive\Desktop\Reace\Coding\Projects\repos\php\journal\model\journal-model.php:35
Stack trace:
#0 C:\Users\temp\OneDrive\Desktop\Reace\Coding\Projects\repos\php\journal\model\journal-model.php(35): PDOStatement->execute()
#1 C:\Users\temp\OneDrive\Desktop\Reace\Coding\Projects\repos\php\journal\form.php(25): insertNewJournalEntry('Test', '', 'Lorem Ipsum')
#2 {main}
  thrown in C:\Users\temp\OneDrive\Desktop\Reace\Coding\Projects\repos\php\journal\model\journal-model.php on line 35
[30-Oct-2025 17:34:27 Africa/Johannesburg] PHP Fatal error:  Uncaught PDOException: SQLSTATE[22007]: Invalid datetime format: 1292 Incorrect date value: '' for column `journal`.`entries`.`created_on` at row 1 in C:\Users\temp\OneDrive\Desktop\Reace\Coding\Projects\repos\php\journal\model\journal-model.php:35
Stack trace:
#0 C:\Users\temp\OneDrive\Desktop\Reace\Coding\Projects\repos\php\journal\model\journal-model.php(35): PDOStatement->execute()
#1 C:\Users\temp\OneDrive\Desktop\Reace\Coding\Projects\repos\php\journal\form.php(25): insertNewJournalEntry('Test', '', 'Lorem Ipsum')
#2 {main}
  thrown in C:\Users\temp\OneDrive\Desktop\Reace\Coding\Projects\repos\php\journal\model\journal-model.php on line 35
[30-Oct-2025 17:34:55 Africa/Johannesburg] PHP Fatal error:  Uncaught PDOException: SQLSTATE[22007]: Invalid datetime format: 1292 Incorrect date value: '' for column `journal`.`entries`.`created_on` at row 1 in C:\Users\temp\OneDrive\Desktop\Reace\Coding\Projects\repos\php\journal\model\journal-model.php:35
Stack trace:
#0 C:\Users\temp\OneDrive\Desktop\Reace\Coding\Projects\repos\php\journal\model\journal-model.php(35): PDOStatement->execute()
#1 C:\Users\temp\OneDrive\Desktop\Reace\Coding\Projects\repos\php\journal\form.php(28): insertNewJournalEntry('Test', '', 'Lorem Ipsum')
#2 {main}
  thrown in C:\Users\temp\OneDrive\Desktop\Reace\Coding\Projects\repos\php\journal\model\journal-model.php on line 35
[30-Oct-2025 17:36:48 Africa/Johannesburg] PHP Deprecated:  trim(): Passing null to parameter #1 ($string) of type string is deprecated in C:\Users\temp\OneDrive\Desktop\Reace\Coding\Projects\repos\php\journal\form.php on line 14
[30-Oct-2025 17:39:26 Africa/Johannesburg] PHP Deprecated:  trim(): Passing null to parameter #1 ($string) of type string is deprecated in C:\Users\temp\OneDrive\Desktop\Reace\Coding\Projects\repos\php\journal\form.php on line 14
[30-Oct-2025 17:39:44 Africa/Johannesburg] PHP Fatal error:  Uncaught PDOException: SQLSTATE[22007]: Invalid datetime format: 1292 Incorrect date value: '' for column `journal`.`entries`.`created_on` at row 1 in C:\Users\temp\OneDrive\Desktop\Reace\Coding\Projects\repos\php\journal\model\journal-model.php:35
Stack trace:
#0 C:\Users\temp\OneDrive\Desktop\Reace\Coding\Projects\repos\php\journal\model\journal-model.php(35): PDOStatement->execute()
#1 C:\Users\temp\OneDrive\Desktop\Reace\Coding\Projects\repos\php\journal\form.php(28): insertNewJournalEntry('Test', '', 'Lorem Ipsum')
#2 {main}
  thrown in C:\Users\temp\OneDrive\Desktop\Reace\Coding\Projects\repos\php\journal\model\journal-model.php on line 35
[30-Oct-2025 17:44:13 Africa/Johannesburg] PHP Deprecated:  trim(): Passing null to parameter #1 ($string) of type string is deprecated in C:\Users\temp\OneDrive\Desktop\Reace\Coding\Projects\repos\php\journal\form.php on line 14
[30-Oct-2025 18:10:28 Africa/Johannesburg] PHP Deprecated:  trim(): Passing null to parameter #1 ($string) of type string is deprecated in C:\Users\temp\OneDrive\Desktop\Reace\Coding\Projects\repos\php\journal\form.php on line 14
[30-Oct-2025 18:11:05 Africa/Johannesburg] PHP Deprecated:  trim(): Passing null to parameter #1 ($string) of type string is deprecated in C:\Users\temp\OneDrive\Desktop\Reace\Coding\Projects\repos\php\journal\form.php on line 14
[30-Oct-2025 18:11:19 Africa/Johannesburg] PHP Deprecated:  trim(): Passing null to parameter #1 ($string) of type string is deprecated in C:\Users\temp\OneDrive\Desktop\Reace\Coding\Projects\repos\php\journal\form.php on line 14
[30-Oct-2025 18:11:22 Africa/Johannesburg] PHP Deprecated:  trim(): Passing null to parameter #1 ($string) of type string is deprecated in C:\Users\temp\OneDrive\Desktop\Reace\Coding\Projects\repos\php\journal\form.php on line 14
[31-Oct-2025 10:53:49 Africa/Johannesburg] PHP Fatal error:  Uncaught ArgumentCountError: Too few arguments to function displayJournalEntries(), 1 passed in C:\Users\temp\OneDrive\Desktop\Reace\Coding\Projects\repos\php\journal\index.php on line 20 and exactly 2 expected in C:\Users\temp\OneDrive\Desktop\Reace\Coding\Projects\repos\php\journal\model\journal-model.php:28
Stack trace:
#0 C:\Users\temp\OneDrive\Desktop\Reace\Coding\Projects\repos\php\journal\index.php(20): displayJournalEntries(3)
#1 {main}
  thrown in C:\Users\temp\OneDrive\Desktop\Reace\Coding\Projects\repos\php\journal\model\journal-model.php on line 28
[31-Oct-2025 10:54:04 Africa/Johannesburg] PHP Fatal error:  Uncaught PDOException: SQLSTATE[HY093]: Invalid parameter number: number of bound variables does not match number of tokens in C:\Users\temp\OneDrive\Desktop\Reace\Coding\Projects\repos\php\journal\model\journal-model.php:46
Stack trace:
#0 C:\Users\temp\OneDrive\Desktop\Reace\Coding\Projects\repos\php\journal\model\journal-model.php(46): PDOStatement->execute()
#1 C:\Users\temp\OneDrive\Desktop\Reace\Coding\Projects\repos\php\journal\index.php(20): displayJournalEntries(3, -3)
#2 {main}
  thrown in C:\Users\temp\OneDrive\Desktop\Reace\Coding\Projects\repos\php\journal\model\journal-model.php on line 46
[31-Oct-2025 10:54:54 Africa/Johannesburg] PHP Fatal error:  Uncaught PDOException: SQLSTATE[42000]: Syntax error or access violation: 1064 You have an error in your SQL syntax; check the manual that corresponds to your MariaDB server version for the right syntax to use near '-3' at line 11 in C:\Users\temp\OneDrive\Desktop\Reace\Coding\Projects\repos\php\journal\model\journal-model.php:47
Stack trace:
#0 C:\Users\temp\OneDrive\Desktop\Reace\Coding\Projects\repos\php\journal\model\journal-model.php(47): PDOStatement->execute()
#1 C:\Users\temp\OneDrive\Desktop\Reace\Coding\Projects\repos\php\journal\index.php(20): displayJournalEntries(3, -3)
#2 {main}
  thrown in C:\Users\temp\OneDrive\Desktop\Reace\Coding\Projects\repos\php\journal\model\journal-model.php on line 47
[31-Oct-2025 10:55:23 Africa/Johannesburg] PHP Fatal error:  Uncaught PDOException: SQLSTATE[42000]: Syntax error or access violation: 1064 You have an error in your SQL syntax; check the manual that corresponds to your MariaDB server version for the right syntax to use near '-3' at line 11 in C:\Users\temp\OneDrive\Desktop\Reace\Coding\Projects\repos\php\journal\model\journal-model.php:47
Stack trace:
#0 C:\Users\temp\OneDrive\Desktop\Reace\Coding\Projects\repos\php\journal\model\journal-model.php(47): PDOStatement->execute()
#1 C:\Users\temp\OneDrive\Desktop\Reace\Coding\Projects\repos\php\journal\index.php(20): displayJournalEntries(3, -3)
#2 {main}
  thrown in C:\Users\temp\OneDrive\Desktop\Reace\Coding\Projects\repos\php\journal\model\journal-model.php on line 47
[31-Oct-2025 10:56:00 Africa/Johannesburg] PHP Fatal error:  Uncaught PDOException: SQLSTATE[42000]: Syntax error or access violation: 1064 You have an error in your SQL syntax; check the manual that corresponds to your MariaDB server version for the right syntax to use near '-3' at line 12 in C:\Users\temp\OneDrive\Desktop\Reace\Coding\Projects\repos\php\journal\model\journal-model.php:48
Stack trace:
#0 C:\Users\temp\OneDrive\Desktop\Reace\Coding\Projects\repos\php\journal\model\journal-model.php(48): PDOStatement->execute()
#1 C:\Users\temp\OneDrive\Desktop\Reace\Coding\Projects\repos\php\journal\index.php(20): displayJournalEntries(3, -3)
#2 {main}
  thrown in C:\Users\temp\OneDrive\Desktop\Reace\Coding\Projects\repos\php\journal\model\journal-model.php on line 48
[31-Oct-2025 10:56:20 Africa/Johannesburg] PHP Fatal error:  Uncaught PDOException: SQLSTATE[42000]: Syntax error or access violation: 1064 You have an error in your SQL syntax; check the manual that corresponds to your MariaDB server version for the right syntax to use near '-3' at line 12 in C:\Users\temp\OneDrive\Desktop\Reace\Coding\Projects\repos\php\journal\model\journal-model.php:48
Stack trace:
#0 C:\Users\temp\OneDrive\Desktop\Reace\Coding\Projects\repos\php\journal\model\journal-model.php(48): PDOStatement->execute()
#1 C:\Users\temp\OneDrive\Desktop\Reace\Coding\Projects\repos\php\journal\index.php(20): displayJournalEntries(3, -3)
#2 {main}
  thrown in C:\Users\temp\OneDrive\Desktop\Reace\Coding\Projects\repos\php\journal\model\journal-model.php on line 48
[31-Oct-2025 10:56:28 Africa/Johannesburg] PHP Fatal error:  Uncaught PDOException: SQLSTATE[42000]: Syntax error or access violation: 1064 You have an error in your SQL syntax; check the manual that corresponds to your MariaDB server version for the right syntax to use near '-3' at line 12 in C:\Users\temp\OneDrive\Desktop\Reace\Coding\Projects\repos\php\journal\model\journal-model.php:48
Stack trace:
#0 C:\Users\temp\OneDrive\Desktop\Reace\Coding\Projects\repos\php\journal\model\journal-model.php(48): PDOStatement->execute()
#1 C:\Users\temp\OneDrive\Desktop\Reace\Coding\Projects\repos\php\journal\index.php(20): displayJournalEntries(3, -3)
#2 {main}
  thrown in C:\Users\temp\OneDrive\Desktop\Reace\Coding\Projects\repos\php\journal\model\journal-model.php on line 48
[31-Oct-2025 10:59:17 Africa/Johannesburg] PHP Fatal error:  Uncaught PDOException: SQLSTATE[42000]: Syntax error or access violation: 1064 You have an error in your SQL syntax; check the manual that corresponds to your MariaDB server version for the right syntax to use near '-3' at line 10 in C:\Users\temp\OneDrive\Desktop\Reace\Coding\Projects\repos\php\journal\model\journal-model.php:46
Stack trace:
#0 C:\Users\temp\OneDrive\Desktop\Reace\Coding\Projects\repos\php\journal\model\journal-model.php(46): PDOStatement->execute()
#1 C:\Users\temp\OneDrive\Desktop\Reace\Coding\Projects\repos\php\journal\index.php(20): displayJournalEntries(3, -3)
#2 {main}
  thrown in C:\Users\temp\OneDrive\Desktop\Reace\Coding\Projects\repos\php\journal\model\journal-model.php on line 46
[31-Oct-2025 11:06:22 Africa/Johannesburg] PHP Fatal error:  Uncaught PDOException: SQLSTATE[42000]: Syntax error or access violation: 1064 You have an error in your SQL syntax; check the manual that corresponds to your MariaDB server version for the right syntax to use near '-3, 3' at line 10 in C:\Users\temp\OneDrive\Desktop\Reace\Coding\Projects\repos\php\journal\model\journal-model.php:46
Stack trace:
#0 C:\Users\temp\OneDrive\Desktop\Reace\Coding\Projects\repos\php\journal\model\journal-model.php(46): PDOStatement->execute()
#1 C:\Users\temp\OneDrive\Desktop\Reace\Coding\Projects\repos\php\journal\index.php(20): displayJournalEntries(3, -3)
#2 {main}
  thrown in C:\Users\temp\OneDrive\Desktop\Reace\Coding\Projects\repos\php\journal\model\journal-model.php on line 46
[31-Oct-2025 11:06:49 Africa/Johannesburg] PHP Fatal error:  Uncaught PDOException: SQLSTATE[42000]: Syntax error or access violation: 1064 You have an error in your SQL syntax; check the manual that corresponds to your MariaDB server version for the right syntax to use near '-3, 3' at line 10 in C:\Users\temp\OneDrive\Desktop\Reace\Coding\Projects\repos\php\journal\model\journal-model.php:46
Stack trace:
#0 C:\Users\temp\OneDrive\Desktop\Reace\Coding\Projects\repos\php\journal\model\journal-model.php(46): PDOStatement->execute()
#1 C:\Users\temp\OneDrive\Desktop\Reace\Coding\Projects\repos\php\journal\index.php(20): displayJournalEntries(3, -3)
#2 {main}
  thrown in C:\Users\temp\OneDrive\Desktop\Reace\Coding\Projects\repos\php\journal\model\journal-model.php on line 46
[31-Oct-2025 11:10:13 Africa/Johannesburg] PHP Fatal error:  Uncaught PDOException: SQLSTATE[42000]: Syntax error or access violation: 1064 You have an error in your SQL syntax; check the manual that corresponds to your MariaDB server version for the right syntax to use near '-3' at line 12 in C:\Users\temp\OneDrive\Desktop\Reace\Coding\Projects\repos\php\journal\model\journal-model.php:48
Stack trace:
#0 C:\Users\temp\OneDrive\Desktop\Reace\Coding\Projects\repos\php\journal\model\journal-model.php(48): PDOStatement->execute()
#1 C:\Users\temp\OneDrive\Desktop\Reace\Coding\Projects\repos\php\journal\index.php(20): displayJournalEntries(3, -3)
#2 {main}
  thrown in C:\Users\temp\OneDrive\Desktop\Reace\Coding\Projects\repos\php\journal\model\journal-model.php on line 48
[31-Oct-2025 11:11:38 Africa/Johannesburg] PHP Fatal error:  Uncaught PDOException: SQLSTATE[42000]: Syntax error or access violation: 1064 You have an error in your SQL syntax; check the manual that corresponds to your MariaDB server version for the right syntax to use near '-3' at line 12 in C:\Users\temp\OneDrive\Desktop\Reace\Coding\Projects\repos\php\journal\model\journal-model.php:48
Stack trace:
#0 C:\Users\temp\OneDrive\Desktop\Reace\Coding\Projects\repos\php\journal\model\journal-model.php(48): PDOStatement->execute()
#1 C:\Users\temp\OneDrive\Desktop\Reace\Coding\Projects\repos\php\journal\index.php(20): displayJournalEntries(3, -3)
#2 {main}
  thrown in C:\Users\temp\OneDrive\Desktop\Reace\Coding\Projects\repos\php\journal\model\journal-model.php on line 48
[31-Oct-2025 13:40:26 Africa/Johannesburg] PHP Fatal error:  Uncaught PDOException: SQLSTATE[42000]: Syntax error or access violation: 1064 You have an error in your SQL syntax; check the manual that corresponds to your MariaDB server version for the right syntax to use near '-3' at line 13 in C:\Users\temp\OneDrive\Desktop\Reace\Coding\Projects\repos\php\journal\model\journal-model.php:49
Stack trace:
#0 C:\Users\temp\OneDrive\Desktop\Reace\Coding\Projects\repos\php\journal\model\journal-model.php(49): PDOStatement->execute()
#1 C:\Users\temp\OneDrive\Desktop\Reace\Coding\Projects\repos\php\journal\index.php(21): displayJournalEntries(3, -3)
#2 {main}
  thrown in C:\Users\temp\OneDrive\Desktop\Reace\Coding\Projects\repos\php\journal\model\journal-model.php on line 49
[31-Oct-2025 13:40:43 Africa/Johannesburg] PHP Fatal error:  Uncaught PDOException: SQLSTATE[42000]: Syntax error or access violation: 1064 You have an error in your SQL syntax; check the manual that corresponds to your MariaDB server version for the right syntax to use near '-3' at line 13 in C:\Users\temp\OneDrive\Desktop\Reace\Coding\Projects\repos\php\journal\model\journal-model.php:49
Stack trace:
#0 C:\Users\temp\OneDrive\Desktop\Reace\Coding\Projects\repos\php\journal\model\journal-model.php(49): PDOStatement->execute()
#1 C:\Users\temp\OneDrive\Desktop\Reace\Coding\Projects\repos\php\journal\index.php(21): displayJournalEntries(3, -3)
#2 {main}
  thrown in C:\Users\temp\OneDrive\Desktop\Reace\Coding\Projects\repos\php\journal\model\journal-model.php on line 49
[31-Oct-2025 13:42:49 Africa/Johannesburg] PHP Fatal error:  Uncaught PDOException: SQLSTATE[42000]: Syntax error or access violation: 1064 You have an error in your SQL syntax; check the manual that corresponds to your MariaDB server version for the right syntax to use near '-3' at line 13 in C:\Users\temp\OneDrive\Desktop\Reace\Coding\Projects\repos\php\journal\model\journal-model.php:49
Stack trace:
#0 C:\Users\temp\OneDrive\Desktop\Reace\Coding\Projects\repos\php\journal\model\journal-model.php(49): PDOStatement->execute()
#1 C:\Users\temp\OneDrive\Desktop\Reace\Coding\Projects\repos\php\journal\index.php(21): displayJournalEntries(3, -3)
#2 {main}
  thrown in C:\Users\temp\OneDrive\Desktop\Reace\Coding\Projects\repos\php\journal\model\journal-model.php on line 49
[31-Oct-2025 13:43:39 Africa/Johannesburg] PHP Fatal error:  Uncaught PDOException: SQLSTATE[42000]: Syntax error or access violation: 1064 You have an error in your SQL syntax; check the manual that corresponds to your MariaDB server version for the right syntax to use near '-3' at line 13 in C:\Users\temp\OneDrive\Desktop\Reace\Coding\Projects\repos\php\journal\model\journal-model.php:49
Stack trace:
#0 C:\Users\temp\OneDrive\Desktop\Reace\Coding\Projects\repos\php\journal\model\journal-model.php(49): PDOStatement->execute()
#1 C:\Users\temp\OneDrive\Desktop\Reace\Coding\Projects\repos\php\journal\index.php(21): displayJournalEntries(3, -3)
#2 {main}
  thrown in C:\Users\temp\OneDrive\Desktop\Reace\Coding\Projects\repos\php\journal\model\journal-model.php on line 49
[31-Oct-2025 13:43:48 Africa/Johannesburg] PHP Fatal error:  Uncaught PDOException: SQLSTATE[42000]: Syntax error or access violation: 1064 You have an error in your SQL syntax; check the manual that corresponds to your MariaDB server version for the right syntax to use near '-3' at line 13 in C:\Users\temp\OneDrive\Desktop\Reace\Coding\Projects\repos\php\journal\model\journal-model.php:49
Stack trace:
#0 C:\Users\temp\OneDrive\Desktop\Reace\Coding\Projects\repos\php\journal\model\journal-model.php(49): PDOStatement->execute()
#1 C:\Users\temp\OneDrive\Desktop\Reace\Coding\Projects\repos\php\journal\index.php(21): displayJournalEntries(3, -3)
#2 {main}
  thrown in C:\Users\temp\OneDrive\Desktop\Reace\Coding\Projects\repos\php\journal\model\journal-model.php on line 49
[31-Oct-2025 13:44:41 Africa/Johannesburg] PHP Fatal error:  Uncaught PDOException: SQLSTATE[42000]: Syntax error or access violation: 1064 You have an error in your SQL syntax; check the manual that corresponds to your MariaDB server version for the right syntax to use near '-3' at line 13 in C:\Users\temp\OneDrive\Desktop\Reace\Coding\Projects\repos\php\journal\model\journal-model.php:49
Stack trace:
#0 C:\Users\temp\OneDrive\Desktop\Reace\Coding\Projects\repos\php\journal\model\journal-model.php(49): PDOStatement->execute()
#1 C:\Users\temp\OneDrive\Desktop\Reace\Coding\Projects\repos\php\journal\index.php(21): displayJournalEntries(3, -3)
#2 {main}
  thrown in C:\Users\temp\OneDrive\Desktop\Reace\Coding\Projects\repos\php\journal\model\journal-model.php on line 49
[31-Oct-2025 15:05:40 Africa/Johannesburg] PHP Fatal error:  Uncaught PDOException: SQLSTATE[42000]: Syntax error or access violation: 1064 You have an error in your SQL syntax; check the manual that corresponds to your MariaDB server version for the right syntax to use near '-3' at line 13 in C:\Users\temp\OneDrive\Desktop\Reace\Coding\Projects\repos\php\journal\model\journal-model.php:49
Stack trace:
#0 C:\Users\temp\OneDrive\Desktop\Reace\Coding\Projects\repos\php\journal\model\journal-model.php(49): PDOStatement->execute()
#1 C:\Users\temp\OneDrive\Desktop\Reace\Coding\Projects\repos\php\journal\index.php(21): displayJournalEntries(3, -3)
#2 {main}
  thrown in C:\Users\temp\OneDrive\Desktop\Reace\Coding\Projects\repos\php\journal\model\journal-model.php on line 49
[31-Oct-2025 15:13:23 Africa/Johannesburg] PHP Fatal error:  Uncaught PDOException: SQLSTATE[42000]: Syntax error or access violation: 1064 You have an error in your SQL syntax; check the manual that corresponds to your MariaDB server version for the right syntax to use near '-3' at line 13 in C:\Users\temp\OneDrive\Desktop\Reace\Coding\Projects\repos\php\journal\model\journal-model.php:49
Stack trace:
#0 C:\Users\temp\OneDrive\Desktop\Reace\Coding\Projects\repos\php\journal\model\journal-model.php(49): PDOStatement->execute()
#1 C:\Users\temp\OneDrive\Desktop\Reace\Coding\Projects\repos\php\journal\index.php(21): displayJournalEntries(3, -3)
#2 {main}
  thrown in C:\Users\temp\OneDrive\Desktop\Reace\Coding\Projects\repos\php\journal\model\journal-model.php on line 49
[31-Oct-2025 15:28:39 Africa/Johannesburg] PHP Warning:  Undefined variable $page in C:\Users\temp\OneDrive\Desktop\Reace\Coding\Projects\repos\php\journal\index.php on line 79
[31-Oct-2025 15:29:06 Africa/Johannesburg] PHP Warning:  Undefined variable $page in C:\Users\temp\OneDrive\Desktop\Reace\Coding\Projects\repos\php\journal\index.php on line 79
[31-Oct-2025 15:29:18 Africa/Johannesburg] PHP Warning:  Undefined variable $page in C:\Users\temp\OneDrive\Desktop\Reace\Coding\Projects\repos\php\journal\index.php on line 79
[31-Oct-2025 15:29:58 Africa/Johannesburg] PHP Warning:  Undefined variable $page in C:\Users\temp\OneDrive\Desktop\Reace\Coding\Projects\repos\php\journal\index.php on line 79
[31-Oct-2025 15:30:02 Africa/Johannesburg] PHP Warning:  Undefined variable $page in C:\Users\temp\OneDrive\Desktop\Reace\Coding\Projects\repos\php\journal\index.php on line 79
[04-Nov-2025 07:00:36 Africa/Johannesburg] PHP Warning:  Undefined array key "message" in C:\Users\temp\OneDrive\Desktop\Reace\Coding\Projects\repos\php\journal\index.php on line 5
[05-Nov-2025 12:35:22 Africa/Johannesburg] PHP Parse error:  Unclosed '{' on line 21 in C:\Users\temp\OneDrive\Desktop\Reace\Coding\Projects\repos\php\journal\form.php on line 152
[05-Nov-2025 12:35:26 Africa/Johannesburg] PHP Parse error:  Unclosed '{' on line 21 in C:\Users\temp\OneDrive\Desktop\Reace\Coding\Projects\repos\php\journal\form.php on line 152
[05-Nov-2025 17:06:10 Africa/Johannesburg] PHP Warning:  imagecreatefromjpeg(): gd-jpeg: JPEG library reports unrecoverable error: Not a JPEG file: starts with 0x89 0x50 in C:\Users\temp\OneDrive\Desktop\Reace\Coding\Projects\repos\php\journal\form.php on line 80
[05-Nov-2025 17:06:10 Africa/Johannesburg] PHP Warning:  imagecreatefromjpeg(): &quot;C:\Windows\Temp\phpA576.tmp&quot; is not a valid JPEG file in C:\Users\temp\OneDrive\Desktop\Reace\Coding\Projects\repos\php\journal\form.php on line 80
[05-Nov-2025 17:06:10 Africa/Johannesburg] PHP Deprecated:  Implicit conversion from float 500.00000000000006 to int loses precision in C:\Users\temp\OneDrive\Desktop\Reace\Coding\Projects\repos\php\journal\form.php on line 83
[05-Nov-2025 17:06:10 Africa/Johannesburg] PHP Deprecated:  Implicit conversion from float 281.25 to int loses precision in C:\Users\temp\OneDrive\Desktop\Reace\Coding\Projects\repos\php\journal\form.php on line 83
[05-Nov-2025 17:06:10 Africa/Johannesburg] PHP Fatal error:  Uncaught TypeError: imagecopyresampled(): Argument #2 ($src_image) must be of type GdImage, false given in C:\Users\temp\OneDrive\Desktop\Reace\Coding\Projects\repos\php\journal\form.php:86
Stack trace:
#0 C:\Users\temp\OneDrive\Desktop\Reace\Coding\Projects\repos\php\journal\form.php(86): imagecopyresampled(Object(GdImage), false, 0, 0, 0, 0, 500.0, 281.25, 1920, 1080)
#1 {main}
  thrown in C:\Users\temp\OneDrive\Desktop\Reace\Coding\Projects\repos\php\journal\form.php on line 86
[05-Nov-2025 17:10:01 Africa/Johannesburg] PHP Warning:  imagecreatefromjpeg(): gd-jpeg: JPEG library reports unrecoverable error: Not a JPEG file: starts with 0x89 0x50 in C:\Users\temp\OneDrive\Desktop\Reace\Coding\Projects\repos\php\journal\form.php on line 80
[05-Nov-2025 17:10:01 Africa/Johannesburg] PHP Warning:  imagecreatefromjpeg(): &quot;C:\Windows\Temp\php2D74.tmp&quot; is not a valid JPEG file in C:\Users\temp\OneDrive\Desktop\Reace\Coding\Projects\repos\php\journal\form.php on line 80
[05-Nov-2025 17:10:01 Africa/Johannesburg] PHP Deprecated:  Implicit conversion from float 500.00000000000006 to int loses precision in C:\Users\temp\OneDrive\Desktop\Reace\Coding\Projects\repos\php\journal\form.php on line 84
[05-Nov-2025 17:10:01 Africa/Johannesburg] PHP Deprecated:  Implicit conversion from float 281.25 to int loses precision in C:\Users\temp\OneDrive\Desktop\Reace\Coding\Projects\repos\php\journal\form.php on line 84
[05-Nov-2025 17:10:01 Africa/Johannesburg] PHP Fatal error:  Uncaught TypeError: imagecopyresampled(): Argument #2 ($src_image) must be of type GdImage, false given in C:\Users\temp\OneDrive\Desktop\Reace\Coding\Projects\repos\php\journal\form.php:87
Stack trace:
#0 C:\Users\temp\OneDrive\Desktop\Reace\Coding\Projects\repos\php\journal\form.php(87): imagecopyresampled(Object(GdImage), false, 0, 0, 0, 0, 500.0, 281.25, 1920, 1080)
#1 {main}
  thrown in C:\Users\temp\OneDrive\Desktop\Reace\Coding\Projects\repos\php\journal\form.php on line 87
[05-Nov-2025 17:10:29 Africa/Johannesburg] PHP Warning:  imagecreatefromjpeg(): gd-jpeg: JPEG library reports unrecoverable error: Not a JPEG file: starts with 0x89 0x50 in C:\Users\temp\OneDrive\Desktop\Reace\Coding\Projects\repos\php\journal\form.php on line 80
[05-Nov-2025 17:10:29 Africa/Johannesburg] PHP Warning:  imagecreatefromjpeg(): &quot;C:\Windows\Temp\php9826.tmp&quot; is not a valid JPEG file in C:\Users\temp\OneDrive\Desktop\Reace\Coding\Projects\repos\php\journal\form.php on line 80
[05-Nov-2025 17:10:29 Africa/Johannesburg] PHP Deprecated:  Implicit conversion from float 500.00000000000006 to int loses precision in C:\Users\temp\OneDrive\Desktop\Reace\Coding\Projects\repos\php\journal\form.php on line 83
[05-Nov-2025 17:10:29 Africa/Johannesburg] PHP Deprecated:  Implicit conversion from float 281.25 to int loses precision in C:\Users\temp\OneDrive\Desktop\Reace\Coding\Projects\repos\php\journal\form.php on line 83
[05-Nov-2025 17:10:29 Africa/Johannesburg] PHP Fatal error:  Uncaught TypeError: imagecopyresampled(): Argument #2 ($src_image) must be of type GdImage, false given in C:\Users\temp\OneDrive\Desktop\Reace\Coding\Projects\repos\php\journal\form.php:86
Stack trace:
#0 C:\Users\temp\OneDrive\Desktop\Reace\Coding\Projects\repos\php\journal\form.php(86): imagecopyresampled(Object(GdImage), false, 0, 0, 0, 0, 500.0, 281.25, 1920, 1080)
#1 {main}
  thrown in C:\Users\temp\OneDrive\Desktop\Reace\Coding\Projects\repos\php\journal\form.php on line 86
[05-Nov-2025 17:14:38 Africa/Johannesburg] PHP Warning:  imagecreatefromjpeg(): gd-jpeg: JPEG library reports unrecoverable error: Not a JPEG file: starts with 0x89 0x50 in C:\Users\temp\OneDrive\Desktop\Reace\Coding\Projects\repos\php\journal\form.php on line 81
[05-Nov-2025 17:14:38 Africa/Johannesburg] PHP Warning:  imagecreatefromjpeg(): &quot;C:\Windows\Temp\php66D3.tmp&quot; is not a valid JPEG file in C:\Users\temp\OneDrive\Desktop\Reace\Coding\Projects\repos\php\journal\form.php on line 81
[05-Nov-2025 17:14:38 Africa/Johannesburg] PHP Deprecated:  Implicit conversion from float 500.00000000000006 to int loses precision in C:\Users\temp\OneDrive\Desktop\Reace\Coding\Projects\repos\php\journal\form.php on line 84
[05-Nov-2025 17:14:38 Africa/Johannesburg] PHP Deprecated:  Implicit conversion from float 281.25 to int loses precision in C:\Users\temp\OneDrive\Desktop\Reace\Coding\Projects\repos\php\journal\form.php on line 84
[05-Nov-2025 17:14:38 Africa/Johannesburg] PHP Fatal error:  Uncaught TypeError: imagecopyresampled(): Argument #2 ($src_image) must be of type GdImage, false given in C:\Users\temp\OneDrive\Desktop\Reace\Coding\Projects\repos\php\journal\form.php:87
Stack trace:
#0 C:\Users\temp\OneDrive\Desktop\Reace\Coding\Projects\repos\php\journal\form.php(87): imagecopyresampled(Object(GdImage), false, 0, 0, 0, 0, 500.0, 281.25, 1920, 1080)
#1 {main}
  thrown in C:\Users\temp\OneDrive\Desktop\Reace\Coding\Projects\repos\php\journal\form.php on line 87
[05-Nov-2025 17:15:10 Africa/Johannesburg] PHP Warning:  imagecreatefromjpeg(): gd-jpeg: JPEG library reports unrecoverable error: Not a JPEG file: starts with 0x89 0x50 in C:\Users\temp\OneDrive\Desktop\Reace\Coding\Projects\repos\php\journal\form.php on line 81
[05-Nov-2025 17:15:10 Africa/Johannesburg] PHP Warning:  imagecreatefromjpeg(): &quot;C:\Windows\Temp\phpE347.tmp&quot; is not a valid JPEG file in C:\Users\temp\OneDrive\Desktop\Reace\Coding\Projects\repos\php\journal\form.php on line 81
[05-Nov-2025 17:15:10 Africa/Johannesburg] PHP Deprecated:  Implicit conversion from float 500.00000000000006 to int loses precision in C:\Users\temp\OneDrive\Desktop\Reace\Coding\Projects\repos\php\journal\form.php on line 84
[05-Nov-2025 17:15:10 Africa/Johannesburg] PHP Deprecated:  Implicit conversion from float 281.25 to int loses precision in C:\Users\temp\OneDrive\Desktop\Reace\Coding\Projects\repos\php\journal\form.php on line 84
[05-Nov-2025 17:15:10 Africa/Johannesburg] PHP Fatal error:  Uncaught TypeError: imagecopyresampled(): Argument #2 ($src_image) must be of type GdImage, false given in C:\Users\temp\OneDrive\Desktop\Reace\Coding\Projects\repos\php\journal\form.php:87
Stack trace:
#0 C:\Users\temp\OneDrive\Desktop\Reace\Coding\Projects\repos\php\journal\form.php(87): imagecopyresampled(Object(GdImage), false, 0, 0, 0, 0, 500.0, 281.25, 1920, 1080)
#1 {main}
  thrown in C:\Users\temp\OneDrive\Desktop\Reace\Coding\Projects\repos\php\journal\form.php on line 87
[05-Nov-2025 17:16:23 Africa/Johannesburg] PHP Warning:  imagecreatefromjpeg(): gd-jpeg: JPEG library reports unrecoverable error: Not a JPEG file: starts with 0x89 0x50 in C:\Users\temp\OneDrive\Desktop\Reace\Coding\Projects\repos\php\journal\form.php on line 80
[05-Nov-2025 17:16:23 Africa/Johannesburg] PHP Warning:  imagecreatefromjpeg(): &quot;C:\Windows\Temp\phpFE9B.tmp&quot; is not a valid JPEG file in C:\Users\temp\OneDrive\Desktop\Reace\Coding\Projects\repos\php\journal\form.php on line 80
[05-Nov-2025 17:16:23 Africa/Johannesburg] PHP Deprecated:  Implicit conversion from float 500.00000000000006 to int loses precision in C:\Users\temp\OneDrive\Desktop\Reace\Coding\Projects\repos\php\journal\form.php on line 84
[05-Nov-2025 17:16:23 Africa/Johannesburg] PHP Deprecated:  Implicit conversion from float 281.25 to int loses precision in C:\Users\temp\OneDrive\Desktop\Reace\Coding\Projects\repos\php\journal\form.php on line 84
[05-Nov-2025 17:16:23 Africa/Johannesburg] PHP Fatal error:  Uncaught TypeError: imagecopyresampled(): Argument #2 ($src_image) must be of type GdImage, false given in C:\Users\temp\OneDrive\Desktop\Reace\Coding\Projects\repos\php\journal\form.php:87
Stack trace:
#0 C:\Users\temp\OneDrive\Desktop\Reace\Coding\Projects\repos\php\journal\form.php(87): imagecopyresampled(Object(GdImage), false, 0, 0, 0, 0, 500.0, 281.25, 1920, 1080)
#1 {main}
  thrown in C:\Users\temp\OneDrive\Desktop\Reace\Coding\Projects\repos\php\journal\form.php on line 87
[05-Nov-2025 17:18:00 Africa/Johannesburg] PHP Warning:  imagecreatefromjpeg(): gd-jpeg: JPEG library reports unrecoverable error: Not a JPEG file: starts with 0x89 0x50 in C:\Users\temp\OneDrive\Desktop\Reace\Coding\Projects\repos\php\journal\form.php on line 81
[05-Nov-2025 17:18:00 Africa/Johannesburg] PHP Warning:  imagecreatefromjpeg(): &quot;C:\Windows\Temp\php7A30.tmp&quot; is not a valid JPEG file in C:\Users\temp\OneDrive\Desktop\Reace\Coding\Projects\repos\php\journal\form.php on line 81
[05-Nov-2025 17:18:00 Africa/Johannesburg] PHP Deprecated:  Implicit conversion from float 500.00000000000006 to int loses precision in C:\Users\temp\OneDrive\Desktop\Reace\Coding\Projects\repos\php\journal\form.php on line 84
[05-Nov-2025 17:18:00 Africa/Johannesburg] PHP Deprecated:  Implicit conversion from float 281.25 to int loses precision in C:\Users\temp\OneDrive\Desktop\Reace\Coding\Projects\repos\php\journal\form.php on line 84
[05-Nov-2025 17:18:00 Africa/Johannesburg] PHP Fatal error:  Uncaught TypeError: imagecopyresampled(): Argument #2 ($src_image) must be of type GdImage, false given in C:\Users\temp\OneDrive\Desktop\Reace\Coding\Projects\repos\php\journal\form.php:87
Stack trace:
#0 C:\Users\temp\OneDrive\Desktop\Reace\Coding\Projects\repos\php\journal\form.php(87): imagecopyresampled(Object(GdImage), false, 0, 0, 0, 0, 500.0, 281.25, 1920, 1080)
#1 {main}
  thrown in C:\Users\temp\OneDrive\Desktop\Reace\Coding\Projects\repos\php\journal\form.php on line 87
[05-Nov-2025 17:18:12 Africa/Johannesburg] PHP Warning:  imagecreatefromjpeg(): gd-jpeg: JPEG library reports unrecoverable error: Not a JPEG file: starts with 0x89 0x50 in C:\Users\temp\OneDrive\Desktop\Reace\Coding\Projects\repos\php\journal\form.php on line 81
[05-Nov-2025 17:18:12 Africa/Johannesburg] PHP Warning:  imagecreatefromjpeg(): &quot;C:\Windows\Temp\phpAB82.tmp&quot; is not a valid JPEG file in C:\Users\temp\OneDrive\Desktop\Reace\Coding\Projects\repos\php\journal\form.php on line 81
[05-Nov-2025 17:18:12 Africa/Johannesburg] PHP Deprecated:  Implicit conversion from float 500.00000000000006 to int loses precision in C:\Users\temp\OneDrive\Desktop\Reace\Coding\Projects\repos\php\journal\form.php on line 84
[05-Nov-2025 17:18:12 Africa/Johannesburg] PHP Deprecated:  Implicit conversion from float 281.25 to int loses precision in C:\Users\temp\OneDrive\Desktop\Reace\Coding\Projects\repos\php\journal\form.php on line 84
[05-Nov-2025 17:18:12 Africa/Johannesburg] PHP Fatal error:  Uncaught TypeError: imagecopyresampled(): Argument #2 ($src_image) must be of type GdImage, false given in C:\Users\temp\OneDrive\Desktop\Reace\Coding\Projects\repos\php\journal\form.php:87
Stack trace:
#0 C:\Users\temp\OneDrive\Desktop\Reace\Coding\Projects\repos\php\journal\form.php(87): imagecopyresampled(Object(GdImage), false, 0, 0, 0, 0, 500.0, 281.25, 1920, 1080)
#1 {main}
  thrown in C:\Users\temp\OneDrive\Desktop\Reace\Coding\Projects\repos\php\journal\form.php on line 87
[05-Nov-2025 17:19:01 Africa/Johannesburg] PHP Warning:  imagecreatefromjpeg(): gd-jpeg: JPEG library reports unrecoverable error: Not a JPEG file: starts with 0x89 0x50 in C:\Users\temp\OneDrive\Desktop\Reace\Coding\Projects\repos\php\journal\form.php on line 81
[05-Nov-2025 17:19:01 Africa/Johannesburg] PHP Warning:  imagecreatefromjpeg(): &quot;C:\Windows\Temp\php684B.tmp&quot; is not a valid JPEG file in C:\Users\temp\OneDrive\Desktop\Reace\Coding\Projects\repos\php\journal\form.php on line 81
[05-Nov-2025 17:19:01 Africa/Johannesburg] PHP Deprecated:  Implicit conversion from float 500.00000000000006 to int loses precision in C:\Users\temp\OneDrive\Desktop\Reace\Coding\Projects\repos\php\journal\form.php on line 84
[05-Nov-2025 17:19:01 Africa/Johannesburg] PHP Deprecated:  Implicit conversion from float 281.25 to int loses precision in C:\Users\temp\OneDrive\Desktop\Reace\Coding\Projects\repos\php\journal\form.php on line 84
[05-Nov-2025 17:19:01 Africa/Johannesburg] PHP Fatal error:  Uncaught TypeError: imagecopyresampled(): Argument #2 ($src_image) must be of type GdImage, false given in C:\Users\temp\OneDrive\Desktop\Reace\Coding\Projects\repos\php\journal\form.php:87
Stack trace:
#0 C:\Users\temp\OneDrive\Desktop\Reace\Coding\Projects\repos\php\journal\form.php(87): imagecopyresampled(Object(GdImage), false, 0, 0, 0, 0, 500.0, 281.25, 1920, 1080)
#1 {main}
  thrown in C:\Users\temp\OneDrive\Desktop\Reace\Coding\Projects\repos\php\journal\form.php on line 87
[05-Nov-2025 17:19:58 Africa/Johannesburg] PHP Warning:  imagecreatefromjpeg(): gd-jpeg: JPEG library reports unrecoverable error: Not a JPEG file: starts with 0x89 0x50 in C:\Users\temp\OneDrive\Desktop\Reace\Coding\Projects\repos\php\journal\form.php on line 80
[05-Nov-2025 17:19:58 Africa/Johannesburg] PHP Warning:  imagecreatefromjpeg(): &quot;C:\Windows\Temp\php4771.tmp&quot; is not a valid JPEG file in C:\Users\temp\OneDrive\Desktop\Reace\Coding\Projects\repos\php\journal\form.php on line 80
[05-Nov-2025 17:19:58 Africa/Johannesburg] PHP Deprecated:  Implicit conversion from float 500.00000000000006 to int loses precision in C:\Users\temp\OneDrive\Desktop\Reace\Coding\Projects\repos\php\journal\form.php on line 83
[05-Nov-2025 17:19:58 Africa/Johannesburg] PHP Deprecated:  Implicit conversion from float 281.25 to int loses precision in C:\Users\temp\OneDrive\Desktop\Reace\Coding\Projects\repos\php\journal\form.php on line 83
[05-Nov-2025 17:19:58 Africa/Johannesburg] PHP Fatal error:  Uncaught TypeError: imagecopyresampled(): Argument #2 ($src_image) must be of type GdImage, false given in C:\Users\temp\OneDrive\Desktop\Reace\Coding\Projects\repos\php\journal\form.php:86
Stack trace:
#0 C:\Users\temp\OneDrive\Desktop\Reace\Coding\Projects\repos\php\journal\form.php(86): imagecopyresampled(Object(GdImage), false, 0, 0, 0, 0, 500.0, 281.25, 1920, 1080)
#1 {main}
  thrown in C:\Users\temp\OneDrive\Desktop\Reace\Coding\Projects\repos\php\journal\form.php on line 86
[05-Nov-2025 17:20:11 Africa/Johannesburg] PHP Warning:  imagecreatefromjpeg(): gd-jpeg: JPEG library reports unrecoverable error: Not a JPEG file: starts with 0x89 0x50 in C:\Users\temp\OneDrive\Desktop\Reace\Coding\Projects\repos\php\journal\form.php on line 80
[05-Nov-2025 17:20:11 Africa/Johannesburg] PHP Warning:  imagecreatefromjpeg(): &quot;C:\Windows\Temp\php7C0F.tmp&quot; is not a valid JPEG file in C:\Users\temp\OneDrive\Desktop\Reace\Coding\Projects\repos\php\journal\form.php on line 80
[05-Nov-2025 17:20:11 Africa/Johannesburg] PHP Deprecated:  Implicit conversion from float 500.00000000000006 to int loses precision in C:\Users\temp\OneDrive\Desktop\Reace\Coding\Projects\repos\php\journal\form.php on line 83
[05-Nov-2025 17:20:11 Africa/Johannesburg] PHP Deprecated:  Implicit conversion from float 281.25 to int loses precision in C:\Users\temp\OneDrive\Desktop\Reace\Coding\Projects\repos\php\journal\form.php on line 83
[05-Nov-2025 17:20:11 Africa/Johannesburg] PHP Fatal error:  Uncaught TypeError: imagecopyresampled(): Argument #2 ($src_image) must be of type GdImage, false given in C:\Users\temp\OneDrive\Desktop\Reace\Coding\Projects\repos\php\journal\form.php:86
Stack trace:
#0 C:\Users\temp\OneDrive\Desktop\Reace\Coding\Projects\repos\php\journal\form.php(86): imagecopyresampled(Object(GdImage), false, 0, 0, 0, 0, 500.0, 281.25, 1920, 1080)
#1 {main}
  thrown in C:\Users\temp\OneDrive\Desktop\Reace\Coding\Projects\repos\php\journal\form.php on line 86
[05-Nov-2025 17:21:59 Africa/Johannesburg] PHP Warning:  imagecreatefromjpeg(): gd-jpeg: JPEG library reports unrecoverable error: Not a JPEG file: starts with 0x89 0x50 in C:\Users\temp\OneDrive\Desktop\Reace\Coding\Projects\repos\php\journal\form.php on line 81
[05-Nov-2025 17:21:59 Africa/Johannesburg] PHP Warning:  imagecreatefromjpeg(): &quot;C:\Windows\Temp\php2173.tmp&quot; is not a valid JPEG file in C:\Users\temp\OneDrive\Desktop\Reace\Coding\Projects\repos\php\journal\form.php on line 81
[05-Nov-2025 17:21:59 Africa/Johannesburg] PHP Deprecated:  Implicit conversion from float 500.00000000000006 to int loses precision in C:\Users\temp\OneDrive\Desktop\Reace\Coding\Projects\repos\php\journal\form.php on line 84
[05-Nov-2025 17:21:59 Africa/Johannesburg] PHP Deprecated:  Implicit conversion from float 281.25 to int loses precision in C:\Users\temp\OneDrive\Desktop\Reace\Coding\Projects\repos\php\journal\form.php on line 84
[05-Nov-2025 17:21:59 Africa/Johannesburg] PHP Fatal error:  Uncaught TypeError: imagecopyresampled(): Argument #2 ($src_image) must be of type GdImage, false given in C:\Users\temp\OneDrive\Desktop\Reace\Coding\Projects\repos\php\journal\form.php:87
Stack trace:
#0 C:\Users\temp\OneDrive\Desktop\Reace\Coding\Projects\repos\php\journal\form.php(87): imagecopyresampled(Object(GdImage), false, 0, 0, 0, 0, 500.0, 281.25, 1920, 1080)
#1 {main}
  thrown in C:\Users\temp\OneDrive\Desktop\Reace\Coding\Projects\repos\php\journal\form.php on line 87
[05-Nov-2025 17:22:02 Africa/Johannesburg] PHP Warning:  imagecreatefromjpeg(): gd-jpeg: JPEG library reports unrecoverable error: Not a JPEG file: starts with 0x89 0x50 in C:\Users\temp\OneDrive\Desktop\Reace\Coding\Projects\repos\php\journal\form.php on line 81
[05-Nov-2025 17:22:02 Africa/Johannesburg] PHP Warning:  imagecreatefromjpeg(): &quot;C:\Windows\Temp\php2CCE.tmp&quot; is not a valid JPEG file in C:\Users\temp\OneDrive\Desktop\Reace\Coding\Projects\repos\php\journal\form.php on line 81
[05-Nov-2025 17:22:02 Africa/Johannesburg] PHP Deprecated:  Implicit conversion from float 500.00000000000006 to int loses precision in C:\Users\temp\OneDrive\Desktop\Reace\Coding\Projects\repos\php\journal\form.php on line 84
[05-Nov-2025 17:22:02 Africa/Johannesburg] PHP Deprecated:  Implicit conversion from float 281.25 to int loses precision in C:\Users\temp\OneDrive\Desktop\Reace\Coding\Projects\repos\php\journal\form.php on line 84
[05-Nov-2025 17:22:02 Africa/Johannesburg] PHP Fatal error:  Uncaught TypeError: imagecopyresampled(): Argument #2 ($src_image) must be of type GdImage, false given in C:\Users\temp\OneDrive\Desktop\Reace\Coding\Projects\repos\php\journal\form.php:87
Stack trace:
#0 C:\Users\temp\OneDrive\Desktop\Reace\Coding\Projects\repos\php\journal\form.php(87): imagecopyresampled(Object(GdImage), false, 0, 0, 0, 0, 500.0, 281.25, 1920, 1080)
#1 {main}
  thrown in C:\Users\temp\OneDrive\Desktop\Reace\Coding\Projects\repos\php\journal\form.php on line 87
[05-Nov-2025 17:23:58 Africa/Johannesburg] PHP Warning:  imagecreatefromjpeg(): gd-jpeg: JPEG library reports unrecoverable error: Not a JPEG file: starts with 0x89 0x50 in C:\Users\temp\OneDrive\Desktop\Reace\Coding\Projects\repos\php\journal\form.php on line 81
[05-Nov-2025 17:23:58 Africa/Johannesburg] PHP Warning:  imagecreatefromjpeg(): &quot;C:\Windows\Temp\phpF069.tmp&quot; is not a valid JPEG file in C:\Users\temp\OneDrive\Desktop\Reace\Coding\Projects\repos\php\journal\form.php on line 81
[05-Nov-2025 17:23:58 Africa/Johannesburg] PHP Deprecated:  Implicit conversion from float 500.00000000000006 to int loses precision in C:\Users\temp\OneDrive\Desktop\Reace\Coding\Projects\repos\php\journal\form.php on line 84
[05-Nov-2025 17:23:58 Africa/Johannesburg] PHP Deprecated:  Implicit conversion from float 281.25 to int loses precision in C:\Users\temp\OneDrive\Desktop\Reace\Coding\Projects\repos\php\journal\form.php on line 84
[05-Nov-2025 17:23:58 Africa/Johannesburg] PHP Fatal error:  Uncaught TypeError: imagecopyresampled(): Argument #2 ($src_image) must be of type GdImage, false given in C:\Users\temp\OneDrive\Desktop\Reace\Coding\Projects\repos\php\journal\form.php:87
Stack trace:
#0 C:\Users\temp\OneDrive\Desktop\Reace\Coding\Projects\repos\php\journal\form.php(87): imagecopyresampled(Object(GdImage), false, 0, 0, 0, 0, 500.0, 281.25, 1920, 1080)
#1 {main}
  thrown in C:\Users\temp\OneDrive\Desktop\Reace\Coding\Projects\repos\php\journal\form.php on line 87
[05-Nov-2025 17:43:37 Africa/Johannesburg] PHP Warning:  imagecreatefromjpeg(): gd-jpeg: JPEG library reports unrecoverable error: Not a JPEG file: starts with 0x89 0x50 in C:\Users\temp\OneDrive\Desktop\Reace\Coding\Projects\repos\php\journal\form.php on line 81
[05-Nov-2025 17:43:37 Africa/Johannesburg] PHP Warning:  imagecreatefromjpeg(): &quot;C:\Windows\Temp\phpF072.tmp&quot; is not a valid JPEG file in C:\Users\temp\OneDrive\Desktop\Reace\Coding\Projects\repos\php\journal\form.php on line 81
[05-Nov-2025 17:43:37 Africa/Johannesburg] PHP Deprecated:  Implicit conversion from float 500.00000000000006 to int loses precision in C:\Users\temp\OneDrive\Desktop\Reace\Coding\Projects\repos\php\journal\form.php on line 84
[05-Nov-2025 17:43:37 Africa/Johannesburg] PHP Deprecated:  Implicit conversion from float 281.25 to int loses precision in C:\Users\temp\OneDrive\Desktop\Reace\Coding\Projects\repos\php\journal\form.php on line 84
[05-Nov-2025 17:43:37 Africa/Johannesburg] PHP Fatal error:  Uncaught TypeError: imagecopyresampled(): Argument #2 ($src_image) must be of type GdImage, false given in C:\Users\temp\OneDrive\Desktop\Reace\Coding\Projects\repos\php\journal\form.php:87
Stack trace:
#0 C:\Users\temp\OneDrive\Desktop\Reace\Coding\Projects\repos\php\journal\form.php(87): imagecopyresampled(Object(GdImage), false, 0, 0, 0, 0, 500.0, 281.25, 1920, 1080)
#1 {main}
  thrown in C:\Users\temp\OneDrive\Desktop\Reace\Coding\Projects\repos\php\journal\form.php on line 87
[05-Nov-2025 18:02:13 Africa/Johannesburg] PHP Warning:  imagecreatefromjpeg(): gd-jpeg: JPEG library reports unrecoverable error: Not a JPEG file: starts with 0x89 0x50 in C:\Users\temp\OneDrive\Desktop\Reace\Coding\Projects\repos\php\journal\form.php on line 81
[05-Nov-2025 18:02:13 Africa/Johannesburg] PHP Warning:  imagecreatefromjpeg(): &quot;C:\Windows\Temp\phpF6BA.tmp&quot; is not a valid JPEG file in C:\Users\temp\OneDrive\Desktop\Reace\Coding\Projects\repos\php\journal\form.php on line 81
[05-Nov-2025 18:02:13 Africa/Johannesburg] PHP Deprecated:  Implicit conversion from float 500.00000000000006 to int loses precision in C:\Users\temp\OneDrive\Desktop\Reace\Coding\Projects\repos\php\journal\form.php on line 84
[05-Nov-2025 18:02:13 Africa/Johannesburg] PHP Deprecated:  Implicit conversion from float 281.25 to int loses precision in C:\Users\temp\OneDrive\Desktop\Reace\Coding\Projects\repos\php\journal\form.php on line 84
[05-Nov-2025 18:02:13 Africa/Johannesburg] PHP Fatal error:  Uncaught TypeError: imagecopyresampled(): Argument #2 ($src_image) must be of type GdImage, false given in C:\Users\temp\OneDrive\Desktop\Reace\Coding\Projects\repos\php\journal\form.php:87
Stack trace:
#0 C:\Users\temp\OneDrive\Desktop\Reace\Coding\Projects\repos\php\journal\form.php(87): imagecopyresampled(Object(GdImage), false, 0, 0, 0, 0, 500.0, 281.25, 1920, 1080)
#1 {main}
  thrown in C:\Users\temp\OneDrive\Desktop\Reace\Coding\Projects\repos\php\journal\form.php on line 87
[06-Nov-2025 10:19:48 Africa/Johannesburg] PHP Deprecated:  Implicit conversion from float 500.00000000000006 to int loses precision in C:\Users\temp\OneDrive\Desktop\Reace\Coding\Projects\repos\php\journal\form.php on line 93
[06-Nov-2025 10:19:48 Africa/Johannesburg] PHP Deprecated:  Implicit conversion from float 281.25 to int loses precision in C:\Users\temp\OneDrive\Desktop\Reace\Coding\Projects\repos\php\journal\form.php on line 93
[06-Nov-2025 10:19:48 Africa/Johannesburg] PHP Deprecated:  Implicit conversion from float 500.00000000000006 to int loses precision in C:\Users\temp\OneDrive\Desktop\Reace\Coding\Projects\repos\php\journal\form.php on line 96
[06-Nov-2025 10:19:48 Africa/Johannesburg] PHP Deprecated:  Implicit conversion from float 281.25 to int loses precision in C:\Users\temp\OneDrive\Desktop\Reace\Coding\Projects\repos\php\journal\form.php on line 96
[06-Nov-2025 10:19:49 Africa/Johannesburg] PHP Fatal error:  Uncaught TypeError: insertNewJournalEntry(): Argument #4 ($image) must be of type string, GdImage given, called in C:\Users\temp\OneDrive\Desktop\Reace\Coding\Projects\repos\php\journal\form.php on line 103 and defined in C:\Users\temp\OneDrive\Desktop\Reace\Coding\Projects\repos\php\journal\model\journal-model.php:83
Stack trace:
#0 C:\Users\temp\OneDrive\Desktop\Reace\Coding\Projects\repos\php\journal\form.php(103): insertNewJournalEntry('Test', '2025-11-05', 'Text', Object(GdImage))
#1 {main}
  thrown in C:\Users\temp\OneDrive\Desktop\Reace\Coding\Projects\repos\php\journal\model\journal-model.php on line 83
[06-Nov-2025 10:24:17 Africa/Johannesburg] PHP Deprecated:  Implicit conversion from float 500.00000000000006 to int loses precision in C:\Users\temp\OneDrive\Desktop\Reace\Coding\Projects\repos\php\journal\form.php on line 92
[06-Nov-2025 10:24:17 Africa/Johannesburg] PHP Deprecated:  Implicit conversion from float 281.25 to int loses precision in C:\Users\temp\OneDrive\Desktop\Reace\Coding\Projects\repos\php\journal\form.php on line 92
[06-Nov-2025 10:24:17 Africa/Johannesburg] PHP Deprecated:  Implicit conversion from float 500.00000000000006 to int loses precision in C:\Users\temp\OneDrive\Desktop\Reace\Coding\Projects\repos\php\journal\form.php on line 95
[06-Nov-2025 10:24:17 Africa/Johannesburg] PHP Deprecated:  Implicit conversion from float 281.25 to int loses precision in C:\Users\temp\OneDrive\Desktop\Reace\Coding\Projects\repos\php\journal\form.php on line 95
[06-Nov-2025 10:24:17 Africa/Johannesburg] PHP Fatal error:  Uncaught TypeError: insertNewJournalEntry(): Argument #4 ($image) must be of type string, GdImage given, called in C:\Users\temp\OneDrive\Desktop\Reace\Coding\Projects\repos\php\journal\form.php on line 102 and defined in C:\Users\temp\OneDrive\Desktop\Reace\Coding\Projects\repos\php\journal\model\journal-model.php:83
Stack trace:
#0 C:\Users\temp\OneDrive\Desktop\Reace\Coding\Projects\repos\php\journal\form.php(102): insertNewJournalEntry('Test', '2025-11-05', 'Text', Object(GdImage))
#1 {main}
  thrown in C:\Users\temp\OneDrive\Desktop\Reace\Coding\Projects\repos\php\journal\model\journal-model.php on line 83
[06-Nov-2025 10:24:25 Africa/Johannesburg] PHP Deprecated:  Implicit conversion from float 500.00000000000006 to int loses precision in C:\Users\temp\OneDrive\Desktop\Reace\Coding\Projects\repos\php\journal\form.php on line 92
[06-Nov-2025 10:24:25 Africa/Johannesburg] PHP Deprecated:  Implicit conversion from float 281.25 to int loses precision in C:\Users\temp\OneDrive\Desktop\Reace\Coding\Projects\repos\php\journal\form.php on line 92
[06-Nov-2025 10:24:25 Africa/Johannesburg] PHP Deprecated:  Implicit conversion from float 500.00000000000006 to int loses precision in C:\Users\temp\OneDrive\Desktop\Reace\Coding\Projects\repos\php\journal\form.php on line 95
[06-Nov-2025 10:24:25 Africa/Johannesburg] PHP Deprecated:  Implicit conversion from float 281.25 to int loses precision in C:\Users\temp\OneDrive\Desktop\Reace\Coding\Projects\repos\php\journal\form.php on line 95
[06-Nov-2025 10:24:25 Africa/Johannesburg] PHP Fatal error:  Uncaught TypeError: insertNewJournalEntry(): Argument #4 ($image) must be of type string, GdImage given, called in C:\Users\temp\OneDrive\Desktop\Reace\Coding\Projects\repos\php\journal\form.php on line 102 and defined in C:\Users\temp\OneDrive\Desktop\Reace\Coding\Projects\repos\php\journal\model\journal-model.php:83
Stack trace:
#0 C:\Users\temp\OneDrive\Desktop\Reace\Coding\Projects\repos\php\journal\form.php(102): insertNewJournalEntry('Test', '2025-11-05', 'Text', Object(GdImage))
#1 {main}
  thrown in C:\Users\temp\OneDrive\Desktop\Reace\Coding\Projects\repos\php\journal\model\journal-model.php on line 83
[06-Nov-2025 10:26:42 Africa/Johannesburg] PHP Deprecated:  Implicit conversion from float 500.00000000000006 to int loses precision in C:\Users\temp\OneDrive\Desktop\Reace\Coding\Projects\repos\php\journal\form.php on line 92
[06-Nov-2025 10:26:42 Africa/Johannesburg] PHP Deprecated:  Implicit conversion from float 281.25 to int loses precision in C:\Users\temp\OneDrive\Desktop\Reace\Coding\Projects\repos\php\journal\form.php on line 92
[06-Nov-2025 10:26:42 Africa/Johannesburg] PHP Deprecated:  Implicit conversion from float 500.00000000000006 to int loses precision in C:\Users\temp\OneDrive\Desktop\Reace\Coding\Projects\repos\php\journal\form.php on line 95
[06-Nov-2025 10:26:42 Africa/Johannesburg] PHP Deprecated:  Implicit conversion from float 281.25 to int loses precision in C:\Users\temp\OneDrive\Desktop\Reace\Coding\Projects\repos\php\journal\form.php on line 95
[06-Nov-2025 10:26:42 Africa/Johannesburg] PHP Fatal error:  Uncaught TypeError: insertNewJournalEntry(): Argument #4 ($image) must be of type string, GdImage given, called in C:\Users\temp\OneDrive\Desktop\Reace\Coding\Projects\repos\php\journal\form.php on line 102 and defined in C:\Users\temp\OneDrive\Desktop\Reace\Coding\Projects\repos\php\journal\model\journal-model.php:83
Stack trace:
#0 C:\Users\temp\OneDrive\Desktop\Reace\Coding\Projects\repos\php\journal\form.php(102): insertNewJournalEntry('Test', '2025-11-05', 'Text', Object(GdImage))
#1 {main}
  thrown in C:\Users\temp\OneDrive\Desktop\Reace\Coding\Projects\repos\php\journal\model\journal-model.php on line 83
[06-Nov-2025 10:27:09 Africa/Johannesburg] PHP Deprecated:  Implicit conversion from float 500.00000000000006 to int loses precision in C:\Users\temp\OneDrive\Desktop\Reace\Coding\Projects\repos\php\journal\form.php on line 92
[06-Nov-2025 10:27:09 Africa/Johannesburg] PHP Deprecated:  Implicit conversion from float 281.25 to int loses precision in C:\Users\temp\OneDrive\Desktop\Reace\Coding\Projects\repos\php\journal\form.php on line 92
[06-Nov-2025 10:27:09 Africa/Johannesburg] PHP Deprecated:  Implicit conversion from float 500.00000000000006 to int loses precision in C:\Users\temp\OneDrive\Desktop\Reace\Coding\Projects\repos\php\journal\form.php on line 95
[06-Nov-2025 10:27:09 Africa/Johannesburg] PHP Deprecated:  Implicit conversion from float 281.25 to int loses precision in C:\Users\temp\OneDrive\Desktop\Reace\Coding\Projects\repos\php\journal\form.php on line 95
[06-Nov-2025 10:27:09 Africa/Johannesburg] PHP Fatal error:  Uncaught TypeError: insertNewJournalEntry(): Argument #4 ($image) must be of type string, GdImage given, called in C:\Users\temp\OneDrive\Desktop\Reace\Coding\Projects\repos\php\journal\form.php on line 102 and defined in C:\Users\temp\OneDrive\Desktop\Reace\Coding\Projects\repos\php\journal\model\journal-model.php:83
Stack trace:
#0 C:\Users\temp\OneDrive\Desktop\Reace\Coding\Projects\repos\php\journal\form.php(102): insertNewJournalEntry('Test', '2025-11-05', 'Text', Object(GdImage))
#1 {main}
  thrown in C:\Users\temp\OneDrive\Desktop\Reace\Coding\Projects\repos\php\journal\model\journal-model.php on line 83
[06-Nov-2025 11:28:12 Africa/Johannesburg] PHP Warning:  exif_imagetype(Screenshot (116).png): Failed to open stream: No such file or directory in C:\Users\temp\OneDrive\Desktop\Reace\Coding\Projects\repos\php\journal\form.php on line 56
[06-Nov-2025 11:28:12 Africa/Johannesburg] PHP Deprecated:  Implicit conversion from float 500.00000000000006 to int loses precision in C:\Users\temp\OneDrive\Desktop\Reace\Coding\Projects\repos\php\journal\form.php on line 103
[06-Nov-2025 11:28:12 Africa/Johannesburg] PHP Deprecated:  Implicit conversion from float 281.25 to int loses precision in C:\Users\temp\OneDrive\Desktop\Reace\Coding\Projects\repos\php\journal\form.php on line 103
[06-Nov-2025 11:28:12 Africa/Johannesburg] PHP Deprecated:  Implicit conversion from float 500.00000000000006 to int loses precision in C:\Users\temp\OneDrive\Desktop\Reace\Coding\Projects\repos\php\journal\form.php on line 106
[06-Nov-2025 11:28:12 Africa/Johannesburg] PHP Deprecated:  Implicit conversion from float 281.25 to int loses precision in C:\Users\temp\OneDrive\Desktop\Reace\Coding\Projects\repos\php\journal\form.php on line 106
[06-Nov-2025 11:28:12 Africa/Johannesburg] PHP Fatal error:  Uncaught TypeError: insertNewJournalEntry(): Argument #4 ($image) must be of type string, GdImage given, called in C:\Users\temp\OneDrive\Desktop\Reace\Coding\Projects\repos\php\journal\form.php on line 113 and defined in C:\Users\temp\OneDrive\Desktop\Reace\Coding\Projects\repos\php\journal\model\journal-model.php:83
Stack trace:
#0 C:\Users\temp\OneDrive\Desktop\Reace\Coding\Projects\repos\php\journal\form.php(113): insertNewJournalEntry('Test', '2025-11-05', 'Text', Object(GdImage))
#1 {main}
  thrown in C:\Users\temp\OneDrive\Desktop\Reace\Coding\Projects\repos\php\journal\model\journal-model.php on line 83
[06-Nov-2025 11:29:01 Africa/Johannesburg] PHP Warning:  exif_imagetype(Screenshot (116).png): Failed to open stream: No such file or directory in C:\Users\temp\OneDrive\Desktop\Reace\Coding\Projects\repos\php\journal\form.php on line 72
[06-Nov-2025 11:29:01 Africa/Johannesburg] PHP Deprecated:  Implicit conversion from float 500.00000000000006 to int loses precision in C:\Users\temp\OneDrive\Desktop\Reace\Coding\Projects\repos\php\journal\form.php on line 103
[06-Nov-2025 11:29:01 Africa/Johannesburg] PHP Deprecated:  Implicit conversion from float 281.25 to int loses precision in C:\Users\temp\OneDrive\Desktop\Reace\Coding\Projects\repos\php\journal\form.php on line 103
[06-Nov-2025 11:29:02 Africa/Johannesburg] PHP Deprecated:  Implicit conversion from float 500.00000000000006 to int loses precision in C:\Users\temp\OneDrive\Desktop\Reace\Coding\Projects\repos\php\journal\form.php on line 106
[06-Nov-2025 11:29:02 Africa/Johannesburg] PHP Deprecated:  Implicit conversion from float 281.25 to int loses precision in C:\Users\temp\OneDrive\Desktop\Reace\Coding\Projects\repos\php\journal\form.php on line 106
[06-Nov-2025 11:29:02 Africa/Johannesburg] PHP Fatal error:  Uncaught TypeError: insertNewJournalEntry(): Argument #4 ($image) must be of type string, GdImage given, called in C:\Users\temp\OneDrive\Desktop\Reace\Coding\Projects\repos\php\journal\form.php on line 113 and defined in C:\Users\temp\OneDrive\Desktop\Reace\Coding\Projects\repos\php\journal\model\journal-model.php:83
Stack trace:
#0 C:\Users\temp\OneDrive\Desktop\Reace\Coding\Projects\repos\php\journal\form.php(113): insertNewJournalEntry('Test', '2025-11-05', 'Text', Object(GdImage))
#1 {main}
  thrown in C:\Users\temp\OneDrive\Desktop\Reace\Coding\Projects\repos\php\journal\model\journal-model.php on line 83
[06-Nov-2025 11:29:17 Africa/Johannesburg] PHP Deprecated:  Implicit conversion from float 500.00000000000006 to int loses precision in C:\Users\temp\OneDrive\Desktop\Reace\Coding\Projects\repos\php\journal\form.php on line 103
[06-Nov-2025 11:29:17 Africa/Johannesburg] PHP Deprecated:  Implicit conversion from float 281.25 to int loses precision in C:\Users\temp\OneDrive\Desktop\Reace\Coding\Projects\repos\php\journal\form.php on line 103
[06-Nov-2025 11:29:17 Africa/Johannesburg] PHP Deprecated:  Implicit conversion from float 500.00000000000006 to int loses precision in C:\Users\temp\OneDrive\Desktop\Reace\Coding\Projects\repos\php\journal\form.php on line 106
[06-Nov-2025 11:29:17 Africa/Johannesburg] PHP Deprecated:  Implicit conversion from float 281.25 to int loses precision in C:\Users\temp\OneDrive\Desktop\Reace\Coding\Projects\repos\php\journal\form.php on line 106
[06-Nov-2025 11:29:18 Africa/Johannesburg] PHP Fatal error:  Uncaught TypeError: insertNewJournalEntry(): Argument #4 ($image) must be of type string, GdImage given, called in C:\Users\temp\OneDrive\Desktop\Reace\Coding\Projects\repos\php\journal\form.php on line 113 and defined in C:\Users\temp\OneDrive\Desktop\Reace\Coding\Projects\repos\php\journal\model\journal-model.php:83
Stack trace:
#0 C:\Users\temp\OneDrive\Desktop\Reace\Coding\Projects\repos\php\journal\form.php(113): insertNewJournalEntry('Test', '2025-11-05', 'Text', Object(GdImage))
#1 {main}
  thrown in C:\Users\temp\OneDrive\Desktop\Reace\Coding\Projects\repos\php\journal\model\journal-model.php on line 83
[06-Nov-2025 11:48:57 Africa/Johannesburg] PHP Deprecated:  Implicit conversion from float 375.5 to int loses precision in C:\Users\temp\OneDrive\Desktop\Reace\Coding\Projects\repos\php\journal\form.php on line 113
[06-Nov-2025 11:48:57 Africa/Johannesburg] PHP Deprecated:  Implicit conversion from float 375.5 to int loses precision in C:\Users\temp\OneDrive\Desktop\Reace\Coding\Projects\repos\php\journal\form.php on line 116
[06-Nov-2025 11:48:57 Africa/Johannesburg] PHP Fatal error:  Uncaught TypeError: insertNewJournalEntry(): Argument #4 ($image) must be of type string, GdImage given, called in C:\Users\temp\OneDrive\Desktop\Reace\Coding\Projects\repos\php\journal\form.php on line 123 and defined in C:\Users\temp\OneDrive\Desktop\Reace\Coding\Projects\repos\php\journal\model\journal-model.php:83
Stack trace:
#0 C:\Users\temp\OneDrive\Desktop\Reace\Coding\Projects\repos\php\journal\form.php(123): insertNewJournalEntry('test', '2025-11-06', 'I love miniguns...', Object(GdImage))
#1 {main}
  thrown in C:\Users\temp\OneDrive\Desktop\Reace\Coding\Projects\repos\php\journal\model\journal-model.php on line 83
[06-Nov-2025 11:52:29 Africa/Johannesburg] PHP Deprecated:  Implicit conversion from float 375.5 to int loses precision in C:\Users\temp\OneDrive\Desktop\Reace\Coding\Projects\repos\php\journal\form.php on line 112
[06-Nov-2025 11:52:29 Africa/Johannesburg] PHP Deprecated:  Implicit conversion from float 375.5 to int loses precision in C:\Users\temp\OneDrive\Desktop\Reace\Coding\Projects\repos\php\journal\form.php on line 115
[06-Nov-2025 11:52:29 Africa/Johannesburg] PHP Fatal error:  Uncaught TypeError: insertNewJournalEntry(): Argument #4 ($image) must be of type string, GdImage given, called in C:\Users\temp\OneDrive\Desktop\Reace\Coding\Projects\repos\php\journal\form.php on line 122 and defined in C:\Users\temp\OneDrive\Desktop\Reace\Coding\Projects\repos\php\journal\model\journal-model.php:83
Stack trace:
#0 C:\Users\temp\OneDrive\Desktop\Reace\Coding\Projects\repos\php\journal\form.php(122): insertNewJournalEntry('title', '2025-11-06', '...', Object(GdImage))
#1 {main}
  thrown in C:\Users\temp\OneDrive\Desktop\Reace\Coding\Projects\repos\php\journal\model\journal-model.php on line 83
[06-Nov-2025 11:56:08 Africa/Johannesburg] PHP Fatal error:  Uncaught TypeError: insertNewJournalEntry(): Argument #4 ($image) must be of type string, GdImage given, called in C:\Users\temp\OneDrive\Desktop\Reace\Coding\Projects\repos\php\journal\form.php on line 122 and defined in C:\Users\temp\OneDrive\Desktop\Reace\Coding\Projects\repos\php\journal\model\journal-model.php:83
Stack trace:
#0 C:\Users\temp\OneDrive\Desktop\Reace\Coding\Projects\repos\php\journal\form.php(122): insertNewJournalEntry('title', '2025-11-06', '...', Object(GdImage))
#1 {main}
  thrown in C:\Users\temp\OneDrive\Desktop\Reace\Coding\Projects\repos\php\journal\model\journal-model.php on line 83
[06-Nov-2025 11:57:02 Africa/Johannesburg] PHP Fatal error:  Uncaught TypeError: insertNewJournalEntry(): Argument #4 ($image) must be of type string, GdImage given, called in C:\Users\temp\OneDrive\Desktop\Reace\Coding\Projects\repos\php\journal\form.php on line 122 and defined in C:\Users\temp\OneDrive\Desktop\Reace\Coding\Projects\repos\php\journal\model\journal-model.php:83
Stack trace:
#0 C:\Users\temp\OneDrive\Desktop\Reace\Coding\Projects\repos\php\journal\form.php(122): insertNewJournalEntry('title', '2025-11-06', '...', Object(GdImage))
#1 {main}
  thrown in C:\Users\temp\OneDrive\Desktop\Reace\Coding\Projects\repos\php\journal\model\journal-model.php on line 83
[06-Nov-2025 12:12:27 Africa/Johannesburg] PHP Fatal error:  Uncaught TypeError: insertNewJournalEntry(): Argument #4 ($image) must be of type string, GdImage given, called in C:\Users\temp\OneDrive\Desktop\Reace\Coding\Projects\repos\php\journal\form.php on line 129 and defined in C:\Users\temp\OneDrive\Desktop\Reace\Coding\Projects\repos\php\journal\model\journal-model.php:83
Stack trace:
#0 C:\Users\temp\OneDrive\Desktop\Reace\Coding\Projects\repos\php\journal\form.php(129): insertNewJournalEntry('title', '2025-11-06', '...', Object(GdImage))
#1 {main}
  thrown in C:\Users\temp\OneDrive\Desktop\Reace\Coding\Projects\repos\php\journal\model\journal-model.php on line 83
[06-Nov-2025 12:14:22 Africa/Johannesburg] PHP Fatal error:  Uncaught TypeError: insertNewJournalEntry(): Argument #4 ($image) must be of type string, GdImage given, called in C:\Users\temp\OneDrive\Desktop\Reace\Coding\Projects\repos\php\journal\form.php on line 131 and defined in C:\Users\temp\OneDrive\Desktop\Reace\Coding\Projects\repos\php\journal\model\journal-model.php:83
Stack trace:
#0 C:\Users\temp\OneDrive\Desktop\Reace\Coding\Projects\repos\php\journal\form.php(131): insertNewJournalEntry('title', '2025-11-06', '...', Object(GdImage))
#1 {main}
  thrown in C:\Users\temp\OneDrive\Desktop\Reace\Coding\Projects\repos\php\journal\model\journal-model.php on line 83
[06-Nov-2025 12:14:32 Africa/Johannesburg] PHP Fatal error:  Uncaught TypeError: insertNewJournalEntry(): Argument #4 ($image) must be of type string, GdImage given, called in C:\Users\temp\OneDrive\Desktop\Reace\Coding\Projects\repos\php\journal\form.php on line 131 and defined in C:\Users\temp\OneDrive\Desktop\Reace\Coding\Projects\repos\php\journal\model\journal-model.php:83
Stack trace:
#0 C:\Users\temp\OneDrive\Desktop\Reace\Coding\Projects\repos\php\journal\form.php(131): insertNewJournalEntry('title', '2025-11-06', '...', Object(GdImage))
#1 {main}
  thrown in C:\Users\temp\OneDrive\Desktop\Reace\Coding\Projects\repos\php\journal\model\journal-model.php on line 83
[06-Nov-2025 12:15:56 Africa/Johannesburg] PHP Fatal error:  Uncaught TypeError: insertNewJournalEntry(): Argument #4 ($image) must be of type string, GdImage given, called in C:\Users\temp\OneDrive\Desktop\Reace\Coding\Projects\repos\php\journal\form.php on line 132 and defined in C:\Users\temp\OneDrive\Desktop\Reace\Coding\Projects\repos\php\journal\model\journal-model.php:83
Stack trace:
#0 C:\Users\temp\OneDrive\Desktop\Reace\Coding\Projects\repos\php\journal\form.php(132): insertNewJournalEntry('title', '2025-11-06', '...', Object(GdImage))
#1 {main}
  thrown in C:\Users\temp\OneDrive\Desktop\Reace\Coding\Projects\repos\php\journal\model\journal-model.php on line 83
[06-Nov-2025 12:36:26 Africa/Johannesburg] PHP Fatal error:  Uncaught TypeError: insertNewJournalEntry(): Argument #4 ($image) must be of type string, GdImage given, called in C:\Users\temp\OneDrive\Desktop\Reace\Coding\Projects\repos\php\journal\form.php on line 143 and defined in C:\Users\temp\OneDrive\Desktop\Reace\Coding\Projects\repos\php\journal\model\journal-model.php:83
Stack trace:
#0 C:\Users\temp\OneDrive\Desktop\Reace\Coding\Projects\repos\php\journal\form.php(143): insertNewJournalEntry('title', '2025-11-06', '...', Object(GdImage))
#1 {main}
  thrown in C:\Users\temp\OneDrive\Desktop\Reace\Coding\Projects\repos\php\journal\model\journal-model.php on line 83
[06-Nov-2025 12:36:48 Africa/Johannesburg] PHP Fatal error:  Uncaught TypeError: insertNewJournalEntry(): Argument #4 ($image) must be of type string, GdImage given, called in C:\Users\temp\OneDrive\Desktop\Reace\Coding\Projects\repos\php\journal\form.php on line 143 and defined in C:\Users\temp\OneDrive\Desktop\Reace\Coding\Projects\repos\php\journal\model\journal-model.php:83
Stack trace:
#0 C:\Users\temp\OneDrive\Desktop\Reace\Coding\Projects\repos\php\journal\form.php(143): insertNewJournalEntry('title', '2025-11-06', '...', Object(GdImage))
#1 {main}
  thrown in C:\Users\temp\OneDrive\Desktop\Reace\Coding\Projects\repos\php\journal\model\journal-model.php on line 83
[06-Nov-2025 12:37:12 Africa/Johannesburg] PHP Fatal error:  Uncaught TypeError: insertNewJournalEntry(): Argument #4 ($image) must be of type string, GdImage given, called in C:\Users\temp\OneDrive\Desktop\Reace\Coding\Projects\repos\php\journal\form.php on line 143 and defined in C:\Users\temp\OneDrive\Desktop\Reace\Coding\Projects\repos\php\journal\model\journal-model.php:83
Stack trace:
#0 C:\Users\temp\OneDrive\Desktop\Reace\Coding\Projects\repos\php\journal\form.php(143): insertNewJournalEntry('title', '2025-11-06', '...', Object(GdImage))
#1 {main}
  thrown in C:\Users\temp\OneDrive\Desktop\Reace\Coding\Projects\repos\php\journal\model\journal-model.php on line 83
[06-Nov-2025 12:46:04 Africa/Johannesburg] PHP Fatal error:  Uncaught UnhandledMatchError: Unhandled match case 3 in C:\Users\temp\OneDrive\Desktop\Reace\Coding\Projects\repos\php\journal\form.php:88
Stack trace:
#0 {main}
  thrown in C:\Users\temp\OneDrive\Desktop\Reace\Coding\Projects\repos\php\journal\form.php on line 88
[06-Nov-2025 12:47:24 Africa/Johannesburg] PHP Warning:  imagecreatefromgif(): &quot;C:\Windows\Temp\php178E.tmp&quot; is not a valid GIF file in C:\Users\temp\OneDrive\Desktop\Reace\Coding\Projects\repos\php\journal\form.php on line 117
[06-Nov-2025 12:47:24 Africa/Johannesburg] PHP Fatal error:  Uncaught TypeError: imagecopyresampled(): Argument #2 ($src_image) must be of type GdImage, false given in C:\Users\temp\OneDrive\Desktop\Reace\Coding\Projects\repos\php\journal\form.php:139
Stack trace:
#0 C:\Users\temp\OneDrive\Desktop\Reace\Coding\Projects\repos\php\journal\form.php(139): imagecopyresampled(Object(GdImage), false, 0, 0, 0, 0, 500, 376, 1000, 751)
#1 {main}
  thrown in C:\Users\temp\OneDrive\Desktop\Reace\Coding\Projects\repos\php\journal\form.php on line 139
[06-Nov-2025 12:49:09 Africa/Johannesburg] PHP Fatal error:  Uncaught TypeError: insertNewJournalEntry(): Argument #4 ($image) must be of type string, GdImage given, called in C:\Users\temp\OneDrive\Desktop\Reace\Coding\Projects\repos\php\journal\form.php on line 149 and defined in C:\Users\temp\OneDrive\Desktop\Reace\Coding\Projects\repos\php\journal\model\journal-model.php:83
Stack trace:
#0 C:\Users\temp\OneDrive\Desktop\Reace\Coding\Projects\repos\php\journal\form.php(149): insertNewJournalEntry('title', '2025-11-06', '...', Object(GdImage))
#1 {main}
  thrown in C:\Users\temp\OneDrive\Desktop\Reace\Coding\Projects\repos\php\journal\model\journal-model.php on line 83
[06-Nov-2025 12:52:02 Africa/Johannesburg] PHP Fatal error:  Uncaught TypeError: insertNewJournalEntry(): Argument #4 ($image) must be of type string, GdImage given, called in C:\Users\temp\OneDrive\Desktop\Reace\Coding\Projects\repos\php\journal\form.php on line 149 and defined in C:\Users\temp\OneDrive\Desktop\Reace\Coding\Projects\repos\php\journal\model\journal-model.php:83
Stack trace:
#0 C:\Users\temp\OneDrive\Desktop\Reace\Coding\Projects\repos\php\journal\form.php(149): insertNewJournalEntry('title', '2025-11-06', '...', Object(GdImage))
#1 {main}
  thrown in C:\Users\temp\OneDrive\Desktop\Reace\Coding\Projects\repos\php\journal\model\journal-model.php on line 83
[06-Nov-2025 12:52:22 Africa/Johannesburg] PHP Fatal error:  Uncaught UnhandledMatchError: Unhandled match case 3 in C:\Users\temp\OneDrive\Desktop\Reace\Coding\Projects\repos\php\journal\form.php:88
Stack trace:
#0 {main}
  thrown in C:\Users\temp\OneDrive\Desktop\Reace\Coding\Projects\repos\php\journal\form.php on line 88
[06-Nov-2025 12:52:46 Africa/Johannesburg] PHP Fatal error:  Uncaught TypeError: insertNewJournalEntry(): Argument #4 ($image) must be of type string, GdImage given, called in C:\Users\temp\OneDrive\Desktop\Reace\Coding\Projects\repos\php\journal\form.php on line 149 and defined in C:\Users\temp\OneDrive\Desktop\Reace\Coding\Projects\repos\php\journal\model\journal-model.php:83
Stack trace:
#0 C:\Users\temp\OneDrive\Desktop\Reace\Coding\Projects\repos\php\journal\form.php(149): insertNewJournalEntry('title', '2025-11-06', '...', Object(GdImage))
#1 {main}
  thrown in C:\Users\temp\OneDrive\Desktop\Reace\Coding\Projects\repos\php\journal\model\journal-model.php on line 83
[06-Nov-2025 12:53:13 Africa/Johannesburg] PHP Fatal error:  Uncaught TypeError: insertNewJournalEntry(): Argument #4 ($image) must be of type string, GdImage given, called in C:\Users\temp\OneDrive\Desktop\Reace\Coding\Projects\repos\php\journal\form.php on line 149 and defined in C:\Users\temp\OneDrive\Desktop\Reace\Coding\Projects\repos\php\journal\model\journal-model.php:83
Stack trace:
#0 C:\Users\temp\OneDrive\Desktop\Reace\Coding\Projects\repos\php\journal\form.php(149): insertNewJournalEntry('title', '2025-11-06', '...', Object(GdImage))
#1 {main}
  thrown in C:\Users\temp\OneDrive\Desktop\Reace\Coding\Projects\repos\php\journal\model\journal-model.php on line 83
[06-Nov-2025 13:00:59 Africa/Johannesburg] PHP Warning:  imagecreatefromjpeg(): gd-jpeg: JPEG library reports unrecoverable error: Not a JPEG file: starts with 0x89 0x50 in C:\Users\temp\OneDrive\Desktop\Reace\Coding\Projects\repos\php\journal\form.php on line 111
[06-Nov-2025 13:00:59 Africa/Johannesburg] PHP Warning:  imagecreatefromjpeg(): &quot;C:\Windows\Temp\php8816.tmp&quot; is not a valid JPEG file in C:\Users\temp\OneDrive\Desktop\Reace\Coding\Projects\repos\php\journal\form.php on line 111
[06-Nov-2025 13:00:59 Africa/Johannesburg] PHP Fatal error:  Uncaught TypeError: imagecopyresampled(): Argument #2 ($src_image) must be of type GdImage, false given in C:\Users\temp\OneDrive\Desktop\Reace\Coding\Projects\repos\php\journal\form.php:135
Stack trace:
#0 C:\Users\temp\OneDrive\Desktop\Reace\Coding\Projects\repos\php\journal\form.php(135): imagecopyresampled(Object(GdImage), false, 0, 0, 0, 0, 500, 376, 1000, 751)
#1 {main}
  thrown in C:\Users\temp\OneDrive\Desktop\Reace\Coding\Projects\repos\php\journal\form.php on line 135
[06-Nov-2025 13:02:29 Africa/Johannesburg] PHP Fatal error:  Uncaught TypeError: insertNewJournalEntry(): Argument #4 ($image) must be of type string, GdImage given, called in C:\Users\temp\OneDrive\Desktop\Reace\Coding\Projects\repos\php\journal\form.php on line 142 and defined in C:\Users\temp\OneDrive\Desktop\Reace\Coding\Projects\repos\php\journal\model\journal-model.php:83
Stack trace:
#0 C:\Users\temp\OneDrive\Desktop\Reace\Coding\Projects\repos\php\journal\form.php(142): insertNewJournalEntry('title', '2025-11-06', '...', Object(GdImage))
#1 {main}
  thrown in C:\Users\temp\OneDrive\Desktop\Reace\Coding\Projects\repos\php\journal\model\journal-model.php on line 83
[06-Nov-2025 13:34:42 Africa/Johannesburg] PHP Warning:  Undefined variable $timeStampedImgDestination in C:\Users\temp\OneDrive\Desktop\Reace\Coding\Projects\repos\php\journal\form.php on line 158
[06-Nov-2025 13:49:39 Africa/Johannesburg] PHP Parse error:  syntax error, unexpected token "}" in C:\Users\temp\OneDrive\Desktop\Reace\Coding\Projects\repos\php\journal\form.php on line 138
[06-Nov-2025 13:59:35 Africa/Johannesburg] PHP Fatal error:  Uncaught TypeError: insertNewJournalEntry(): Argument #4 ($image) must be of type string, null given, called in C:\Users\temp\OneDrive\Desktop\Reace\Coding\Projects\repos\php\journal\form.php on line 144 and defined in C:\Users\temp\OneDrive\Desktop\Reace\Coding\Projects\repos\php\journal\model\journal-model.php:83
Stack trace:
#0 C:\Users\temp\OneDrive\Desktop\Reace\Coding\Projects\repos\php\journal\form.php(144): insertNewJournalEntry('no image', '2025-11-06', '---///---', NULL)
#1 {main}
  thrown in C:\Users\temp\OneDrive\Desktop\Reace\Coding\Projects\repos\php\journal\model\journal-model.php on line 83
[06-Nov-2025 15:36:10 Africa/Johannesburg] PHP Fatal error:  Uncaught UnhandledMatchError: Unhandled match case true in C:\Users\temp\OneDrive\Desktop\Reace\Coding\Projects\repos\php\journal\form.php:87
Stack trace:
#0 {main}
  thrown in C:\Users\temp\OneDrive\Desktop\Reace\Coding\Projects\repos\php\journal\form.php on line 87
[06-Nov-2025 15:36:54 Africa/Johannesburg] PHP Fatal error:  Uncaught TypeError: imagecopyresampled(): Argument #2 ($src_image) must be of type GdImage, null given in C:\Users\temp\OneDrive\Desktop\Reace\Coding\Projects\repos\php\journal\form.php:127
Stack trace:
#0 C:\Users\temp\OneDrive\Desktop\Reace\Coding\Projects\repos\php\journal\form.php(127): imagecopyresampled(Object(GdImage), NULL, 0, 0, 0, 0, 500, 480, 640, 614)
#1 {main}
  thrown in C:\Users\temp\OneDrive\Desktop\Reace\Coding\Projects\repos\php\journal\form.php on line 127
[06-Nov-2025 15:38:45 Africa/Johannesburg] PHP Fatal error:  Uncaught TypeError: imagecopyresampled(): Argument #2 ($src_image) must be of type GdImage, null given in C:\Users\temp\OneDrive\Desktop\Reace\Coding\Projects\repos\php\journal\form.php:127
Stack trace:
#0 C:\Users\temp\OneDrive\Desktop\Reace\Coding\Projects\repos\php\journal\form.php(127): imagecopyresampled(Object(GdImage), NULL, 0, 0, 0, 0, 500, 480, 640, 614)
#1 {main}
  thrown in C:\Users\temp\OneDrive\Desktop\Reace\Coding\Projects\repos\php\journal\form.php on line 127
[06-Nov-2025 15:39:41 Africa/Johannesburg] PHP Fatal error:  Uncaught UnhandledMatchError: Unhandled match case true in C:\Users\temp\OneDrive\Desktop\Reace\Coding\Projects\repos\php\journal\form.php:87
Stack trace:
#0 {main}
  thrown in C:\Users\temp\OneDrive\Desktop\Reace\Coding\Projects\repos\php\journal\form.php on line 87
[06-Nov-2025 15:41:09 Africa/Johannesburg] PHP Fatal error:  Uncaught TypeError: imagecopyresampled(): Argument #2 ($src_image) must be of type GdImage, null given in C:\Users\temp\OneDrive\Desktop\Reace\Coding\Projects\repos\php\journal\form.php:127
Stack trace:
#0 C:\Users\temp\OneDrive\Desktop\Reace\Coding\Projects\repos\php\journal\form.php(127): imagecopyresampled(Object(GdImage), NULL, 0, 0, 0, 0, 500, 480, 640, 614)
#1 {main}
  thrown in C:\Users\temp\OneDrive\Desktop\Reace\Coding\Projects\repos\php\journal\form.php on line 127
[06-Nov-2025 15:41:29 Africa/Johannesburg] PHP Fatal error:  Uncaught TypeError: imagecopyresampled(): Argument #2 ($src_image) must be of type GdImage, int given in C:\Users\temp\OneDrive\Desktop\Reace\Coding\Projects\repos\php\journal\form.php:127
Stack trace:
#0 C:\Users\temp\OneDrive\Desktop\Reace\Coding\Projects\repos\php\journal\form.php(127): imagecopyresampled(Object(GdImage), 0, 0, 0, 0, 0, 500, 480, 640, 614)
#1 {main}
  thrown in C:\Users\temp\OneDrive\Desktop\Reace\Coding\Projects\repos\php\journal\form.php on line 127
[06-Nov-2025 15:41:41 Africa/Johannesburg] PHP Fatal error:  Uncaught TypeError: imagecopyresampled(): Argument #2 ($src_image) must be of type GdImage, false given in C:\Users\temp\OneDrive\Desktop\Reace\Coding\Projects\repos\php\journal\form.php:127
Stack trace:
#0 C:\Users\temp\OneDrive\Desktop\Reace\Coding\Projects\repos\php\journal\form.php(127): imagecopyresampled(Object(GdImage), false, 0, 0, 0, 0, 500, 480, 640, 614)
#1 {main}
  thrown in C:\Users\temp\OneDrive\Desktop\Reace\Coding\Projects\repos\php\journal\form.php on line 127
[06-Nov-2025 16:26:45 Africa/Johannesburg] PHP Deprecated:  str_contains(): Passing null to parameter #1 ($haystack) of type string is deprecated in C:\Users\temp\OneDrive\Desktop\Reace\Coding\Projects\repos\php\journal\form.php on line 142
[06-Nov-2025 16:26:45 Africa/Johannesburg] PHP Deprecated:  str_contains(): Passing null to parameter #1 ($haystack) of type string is deprecated in C:\Users\temp\OneDrive\Desktop\Reace\Coding\Projects\repos\php\journal\form.php on line 143
[06-Nov-2025 16:26:45 Africa/Johannesburg] PHP Deprecated:  str_contains(): Passing null to parameter #1 ($haystack) of type string is deprecated in C:\Users\temp\OneDrive\Desktop\Reace\Coding\Projects\repos\php\journal\form.php on line 144
[06-Nov-2025 16:31:21 Africa/Johannesburg] PHP Deprecated:  str_contains(): Passing null to parameter #1 ($haystack) of type string is deprecated in C:\Users\temp\OneDrive\Desktop\Reace\Coding\Projects\repos\php\journal\form.php on line 142
[06-Nov-2025 16:31:21 Africa/Johannesburg] PHP Deprecated:  str_contains(): Passing null to parameter #1 ($haystack) of type string is deprecated in C:\Users\temp\OneDrive\Desktop\Reace\Coding\Projects\repos\php\journal\form.php on line 143
[06-Nov-2025 16:31:21 Africa/Johannesburg] PHP Deprecated:  str_contains(): Passing null to parameter #1 ($haystack) of type string is deprecated in C:\Users\temp\OneDrive\Desktop\Reace\Coding\Projects\repos\php\journal\form.php on line 144
[06-Nov-2025 16:34:22 Africa/Johannesburg] PHP Deprecated:  str_contains(): Passing null to parameter #1 ($haystack) of type string is deprecated in C:\Users\temp\OneDrive\Desktop\Reace\Coding\Projects\repos\php\journal\form.php on line 142
[06-Nov-2025 16:34:22 Africa/Johannesburg] PHP Deprecated:  str_contains(): Passing null to parameter #1 ($haystack) of type string is deprecated in C:\Users\temp\OneDrive\Desktop\Reace\Coding\Projects\repos\php\journal\form.php on line 143
[06-Nov-2025 16:34:22 Africa/Johannesburg] PHP Deprecated:  str_contains(): Passing null to parameter #1 ($haystack) of type string is deprecated in C:\Users\temp\OneDrive\Desktop\Reace\Coding\Projects\repos\php\journal\form.php on line 144
[06-Nov-2025 16:49:24 Africa/Johannesburg] PHP Deprecated:  str_contains(): Passing null to parameter #1 ($haystack) of type string is deprecated in C:\Users\temp\OneDrive\Desktop\Reace\Coding\Projects\repos\php\journal\form.php on line 142
[06-Nov-2025 16:49:24 Africa/Johannesburg] PHP Deprecated:  str_contains(): Passing null to parameter #1 ($haystack) of type string is deprecated in C:\Users\temp\OneDrive\Desktop\Reace\Coding\Projects\repos\php\journal\form.php on line 143
[06-Nov-2025 16:49:24 Africa/Johannesburg] PHP Deprecated:  str_contains(): Passing null to parameter #1 ($haystack) of type string is deprecated in C:\Users\temp\OneDrive\Desktop\Reace\Coding\Projects\repos\php\journal\form.php on line 144
[06-Nov-2025 16:50:38 Africa/Johannesburg] PHP Deprecated:  str_contains(): Passing null to parameter #1 ($haystack) of type string is deprecated in C:\Users\temp\OneDrive\Desktop\Reace\Coding\Projects\repos\php\journal\form.php on line 142
[06-Nov-2025 16:50:38 Africa/Johannesburg] PHP Deprecated:  str_contains(): Passing null to parameter #1 ($haystack) of type string is deprecated in C:\Users\temp\OneDrive\Desktop\Reace\Coding\Projects\repos\php\journal\form.php on line 143
[06-Nov-2025 16:50:38 Africa/Johannesburg] PHP Deprecated:  str_contains(): Passing null to parameter #1 ($haystack) of type string is deprecated in C:\Users\temp\OneDrive\Desktop\Reace\Coding\Projects\repos\php\journal\form.php on line 144
[06-Nov-2025 16:50:51 Africa/Johannesburg] PHP Deprecated:  str_contains(): Passing null to parameter #1 ($haystack) of type string is deprecated in C:\Users\temp\OneDrive\Desktop\Reace\Coding\Projects\repos\php\journal\form.php on line 142
[06-Nov-2025 16:50:51 Africa/Johannesburg] PHP Deprecated:  str_contains(): Passing null to parameter #1 ($haystack) of type string is deprecated in C:\Users\temp\OneDrive\Desktop\Reace\Coding\Projects\repos\php\journal\form.php on line 143
[06-Nov-2025 16:50:51 Africa/Johannesburg] PHP Deprecated:  str_contains(): Passing null to parameter #1 ($haystack) of type string is deprecated in C:\Users\temp\OneDrive\Desktop\Reace\Coding\Projects\repos\php\journal\form.php on line 144
[06-Nov-2025 16:51:32 Africa/Johannesburg] PHP Deprecated:  str_contains(): Passing null to parameter #1 ($haystack) of type string is deprecated in C:\Users\temp\OneDrive\Desktop\Reace\Coding\Projects\repos\php\journal\form.php on line 142
[06-Nov-2025 16:51:32 Africa/Johannesburg] PHP Deprecated:  str_contains(): Passing null to parameter #1 ($haystack) of type string is deprecated in C:\Users\temp\OneDrive\Desktop\Reace\Coding\Projects\repos\php\journal\form.php on line 143
[06-Nov-2025 16:51:32 Africa/Johannesburg] PHP Deprecated:  str_contains(): Passing null to parameter #1 ($haystack) of type string is deprecated in C:\Users\temp\OneDrive\Desktop\Reace\Coding\Projects\repos\php\journal\form.php on line 144
[06-Nov-2025 16:51:46 Africa/Johannesburg] PHP Deprecated:  str_contains(): Passing null to parameter #1 ($haystack) of type string is deprecated in C:\Users\temp\OneDrive\Desktop\Reace\Coding\Projects\repos\php\journal\form.php on line 142
[06-Nov-2025 16:51:46 Africa/Johannesburg] PHP Deprecated:  str_contains(): Passing null to parameter #1 ($haystack) of type string is deprecated in C:\Users\temp\OneDrive\Desktop\Reace\Coding\Projects\repos\php\journal\form.php on line 143
[06-Nov-2025 16:51:46 Africa/Johannesburg] PHP Deprecated:  str_contains(): Passing null to parameter #1 ($haystack) of type string is deprecated in C:\Users\temp\OneDrive\Desktop\Reace\Coding\Projects\repos\php\journal\form.php on line 144
[06-Nov-2025 16:53:28 Africa/Johannesburg] PHP Deprecated:  str_contains(): Passing null to parameter #1 ($haystack) of type string is deprecated in C:\Users\temp\OneDrive\Desktop\Reace\Coding\Projects\repos\php\journal\form.php on line 142
[06-Nov-2025 16:53:28 Africa/Johannesburg] PHP Deprecated:  str_contains(): Passing null to parameter #1 ($haystack) of type string is deprecated in C:\Users\temp\OneDrive\Desktop\Reace\Coding\Projects\repos\php\journal\form.php on line 143
[06-Nov-2025 16:53:28 Africa/Johannesburg] PHP Deprecated:  str_contains(): Passing null to parameter #1 ($haystack) of type string is deprecated in C:\Users\temp\OneDrive\Desktop\Reace\Coding\Projects\repos\php\journal\form.php on line 144
[06-Nov-2025 16:55:25 Africa/Johannesburg] PHP Deprecated:  str_contains(): Passing null to parameter #1 ($haystack) of type string is deprecated in C:\Users\temp\OneDrive\Desktop\Reace\Coding\Projects\repos\php\journal\form.php on line 142
[06-Nov-2025 16:55:25 Africa/Johannesburg] PHP Deprecated:  str_contains(): Passing null to parameter #1 ($haystack) of type string is deprecated in C:\Users\temp\OneDrive\Desktop\Reace\Coding\Projects\repos\php\journal\form.php on line 143
[06-Nov-2025 16:55:25 Africa/Johannesburg] PHP Deprecated:  str_contains(): Passing null to parameter #1 ($haystack) of type string is deprecated in C:\Users\temp\OneDrive\Desktop\Reace\Coding\Projects\repos\php\journal\form.php on line 144
[06-Nov-2025 16:56:11 Africa/Johannesburg] PHP Deprecated:  str_contains(): Passing null to parameter #1 ($haystack) of type string is deprecated in C:\Users\temp\OneDrive\Desktop\Reace\Coding\Projects\repos\php\journal\form.php on line 142
[06-Nov-2025 16:56:11 Africa/Johannesburg] PHP Deprecated:  str_contains(): Passing null to parameter #1 ($haystack) of type string is deprecated in C:\Users\temp\OneDrive\Desktop\Reace\Coding\Projects\repos\php\journal\form.php on line 143
[06-Nov-2025 16:56:11 Africa/Johannesburg] PHP Deprecated:  str_contains(): Passing null to parameter #1 ($haystack) of type string is deprecated in C:\Users\temp\OneDrive\Desktop\Reace\Coding\Projects\repos\php\journal\form.php on line 144
[06-Nov-2025 16:56:27 Africa/Johannesburg] PHP Deprecated:  str_contains(): Passing null to parameter #1 ($haystack) of type string is deprecated in C:\Users\temp\OneDrive\Desktop\Reace\Coding\Projects\repos\php\journal\form.php on line 142
[06-Nov-2025 16:56:27 Africa/Johannesburg] PHP Deprecated:  str_contains(): Passing null to parameter #1 ($haystack) of type string is deprecated in C:\Users\temp\OneDrive\Desktop\Reace\Coding\Projects\repos\php\journal\form.php on line 143
[06-Nov-2025 16:56:27 Africa/Johannesburg] PHP Deprecated:  str_contains(): Passing null to parameter #1 ($haystack) of type string is deprecated in C:\Users\temp\OneDrive\Desktop\Reace\Coding\Projects\repos\php\journal\form.php on line 144
[06-Nov-2025 16:57:28 Africa/Johannesburg] PHP Deprecated:  str_contains(): Passing null to parameter #1 ($haystack) of type string is deprecated in C:\Users\temp\OneDrive\Desktop\Reace\Coding\Projects\repos\php\journal\form.php on line 142
[06-Nov-2025 16:57:28 Africa/Johannesburg] PHP Deprecated:  str_contains(): Passing null to parameter #1 ($haystack) of type string is deprecated in C:\Users\temp\OneDrive\Desktop\Reace\Coding\Projects\repos\php\journal\form.php on line 143
[06-Nov-2025 16:57:28 Africa/Johannesburg] PHP Deprecated:  str_contains(): Passing null to parameter #1 ($haystack) of type string is deprecated in C:\Users\temp\OneDrive\Desktop\Reace\Coding\Projects\repos\php\journal\form.php on line 144
[06-Nov-2025 16:57:37 Africa/Johannesburg] PHP Deprecated:  str_contains(): Passing null to parameter #1 ($haystack) of type string is deprecated in C:\Users\temp\OneDrive\Desktop\Reace\Coding\Projects\repos\php\journal\form.php on line 142
[06-Nov-2025 16:57:37 Africa/Johannesburg] PHP Deprecated:  str_contains(): Passing null to parameter #1 ($haystack) of type string is deprecated in C:\Users\temp\OneDrive\Desktop\Reace\Coding\Projects\repos\php\journal\form.php on line 143
[06-Nov-2025 16:57:37 Africa/Johannesburg] PHP Deprecated:  str_contains(): Passing null to parameter #1 ($haystack) of type string is deprecated in C:\Users\temp\OneDrive\Desktop\Reace\Coding\Projects\repos\php\journal\form.php on line 144
[06-Nov-2025 16:58:59 Africa/Johannesburg] PHP Deprecated:  str_contains(): Passing null to parameter #1 ($haystack) of type string is deprecated in C:\Users\temp\OneDrive\Desktop\Reace\Coding\Projects\repos\php\journal\form.php on line 142
[06-Nov-2025 16:58:59 Africa/Johannesburg] PHP Deprecated:  str_contains(): Passing null to parameter #1 ($haystack) of type string is deprecated in C:\Users\temp\OneDrive\Desktop\Reace\Coding\Projects\repos\php\journal\form.php on line 143
[06-Nov-2025 16:58:59 Africa/Johannesburg] PHP Deprecated:  str_contains(): Passing null to parameter #1 ($haystack) of type string is deprecated in C:\Users\temp\OneDrive\Desktop\Reace\Coding\Projects\repos\php\journal\form.php on line 144
[10-Dec-2025 18:03:25 Africa/Johannesburg] PHP Warning:  imagepng(C:\Users\temp\OneDrive\Desktop\Reace\Coding\Projects\repos\php\journal/uploads/minigun-1765382604.png): Failed to open stream: No such file or directory in C:\Users\temp\OneDrive\Desktop\Reace\Coding\Projects\repos\php\journal\form.php on line 129
[10-Dec-2025 18:04:30 Africa/Johannesburg] PHP Fatal error:  Uncaught PDOException: SQLSTATE[22007]: Invalid datetime format: 1292 Incorrect date value: '' for column `journal`.`entries`.`created_on` at row 1 in C:\Users\temp\OneDrive\Desktop\Reace\Coding\Projects\repos\php\journal\model\journal-model.php:99
Stack trace:
#0 C:\Users\temp\OneDrive\Desktop\Reace\Coding\Projects\repos\php\journal\model\journal-model.php(99): PDOStatement->execute()
#1 C:\Users\temp\OneDrive\Desktop\Reace\Coding\Projects\repos\php\journal\form.php(150): insertNewJournalEntry('', '', '', NULL)
#2 {main}
  thrown in C:\Users\temp\OneDrive\Desktop\Reace\Coding\Projects\repos\php\journal\model\journal-model.php on line 99
[10-Dec-2025 18:36:16 Africa/Johannesburg] PHP Fatal error:  Uncaught PDOException: SQLSTATE[22007]: Invalid datetime format: 1292 Incorrect date value: '' for column `journal`.`entries`.`created_on` at row 1 in C:\Users\temp\OneDrive\Desktop\Reace\Coding\Projects\repos\php\journal\model\journal-model.php:86
Stack trace:
#0 C:\Users\temp\OneDrive\Desktop\Reace\Coding\Projects\repos\php\journal\model\journal-model.php(86): PDOStatement->execute()
#1 C:\Users\temp\OneDrive\Desktop\Reace\Coding\Projects\repos\php\journal\form.php(150): insertNewJournalEntry('', '', '', NULL)
#2 {main}
  thrown in C:\Users\temp\OneDrive\Desktop\Reace\Coding\Projects\repos\php\journal\model\journal-model.php on line 86
[10-Dec-2025 18:38:15 Africa/Johannesburg] PHP Fatal error:  Uncaught PDOException: SQLSTATE[22007]: Invalid datetime format: 1292 Incorrect date value: '' for column `journal`.`entries`.`created_on` at row 1 in C:\Users\temp\OneDrive\Desktop\Reace\Coding\Projects\repos\php\journal\model\journal-model.php:86
Stack trace:
#0 C:\Users\temp\OneDrive\Desktop\Reace\Coding\Projects\repos\php\journal\model\journal-model.php(86): PDOStatement->execute()
#1 C:\Users\temp\OneDrive\Desktop\Reace\Coding\Projects\repos\php\journal\form.php(150): insertNewJournalEntry('', '', '', NULL)
#2 {main}
  thrown in C:\Users\temp\OneDrive\Desktop\Reace\Coding\Projects\repos\php\journal\model\journal-model.php on line 86
[10-Dec-2025 18:40:20 Africa/Johannesburg] PHP Fatal error:  Uncaught PDOException: SQLSTATE[22007]: Invalid datetime format: 1292 Incorrect date value: '' for column `journal`.`entries`.`created_on` at row 1 in C:\Users\temp\OneDrive\Desktop\Reace\Coding\Projects\repos\php\journal\model\journal-model.php:86
Stack trace:
#0 C:\Users\temp\OneDrive\Desktop\Reace\Coding\Projects\repos\php\journal\model\journal-model.php(86): PDOStatement->execute()
#1 C:\Users\temp\OneDrive\Desktop\Reace\Coding\Projects\repos\php\journal\form.php(150): insertNewJournalEntry('', '', '', NULL)
#2 {main}
  thrown in C:\Users\temp\OneDrive\Desktop\Reace\Coding\Projects\repos\php\journal\model\journal-model.php on line 86
[10-Dec-2025 18:41:34 Africa/Johannesburg] PHP Fatal error:  Uncaught PDOException: SQLSTATE[22007]: Invalid datetime format: 1292 Incorrect date value: '' for column `journal`.`entries`.`created_on` at row 1 in C:\Users\temp\OneDrive\Desktop\Reace\Coding\Projects\repos\php\journal\model\journal-model.php:86
Stack trace:
#0 C:\Users\temp\OneDrive\Desktop\Reace\Coding\Projects\repos\php\journal\model\journal-model.php(86): PDOStatement->execute()
#1 C:\Users\temp\OneDrive\Desktop\Reace\Coding\Projects\repos\php\journal\form.php(151): insertNewJournalEntry('', '', '', NULL)
#2 {main}
  thrown in C:\Users\temp\OneDrive\Desktop\Reace\Coding\Projects\repos\php\journal\model\journal-model.php on line 86
[10-Dec-2025 18:41:40 Africa/Johannesburg] PHP Fatal error:  Uncaught PDOException: SQLSTATE[22007]: Invalid datetime format: 1292 Incorrect date value: '' for column `journal`.`entries`.`created_on` at row 1 in C:\Users\temp\OneDrive\Desktop\Reace\Coding\Projects\repos\php\journal\model\journal-model.php:86
Stack trace:
#0 C:\Users\temp\OneDrive\Desktop\Reace\Coding\Projects\repos\php\journal\model\journal-model.php(86): PDOStatement->execute()
#1 C:\Users\temp\OneDrive\Desktop\Reace\Coding\Projects\repos\php\journal\form.php(151): insertNewJournalEntry('', '', '', NULL)
#2 {main}
  thrown in C:\Users\temp\OneDrive\Desktop\Reace\Coding\Projects\repos\php\journal\model\journal-model.php on line 86
